path,size,size_readable,reason,mtime
E:\328桌面\._WechatIMG1614.jpeg,4096,4.00 KB,image extension but header signature mismatch,2023-10-21 16:23:13
E:\328桌面\._叶婷作品集-2022_13.jpg,4096,4.00 KB,image extension but header signature mismatch,2023-10-21 16:23:37
E:\328桌面\._叶婷作品集.jpg,4096,4.00 KB,image extension but header signature mismatch,2023-10-21 16:23:38
E:\328桌面\._WechatIMG1612.jpeg,4096,4.00 KB,image extension but header signature mismatch,2023-10-21 16:23:38
E:\328桌面\._09e20eae4876506a3a5ed0bac9bc2aa1.jpeg,4096,4.00 KB,image extension but header signature mismatch,2023-10-21 16:23:38
E:\328桌面\._WechatIMG1613.jpeg,4096,4.00 KB,image extension but header signature mismatch,2023-10-21 16:23:48
E:\328桌面\._WechatIMG76.jpeg,4096,4.00 KB,image extension but header signature mismatch,2023-10-21 16:23:58
E:\328桌面\._叶婷作品集-2022_11-.jpg,4096,4.00 KB,image extension but header signature mismatch,2023-10-21 16:23:58
E:\328桌面\._叶婷工作简历2022_画板 1.jpg,4096,4.00 KB,image extension but header signature mismatch,2023-10-21 16:23:58
E:\328桌面\._叶婷工作简历2022_画板 1 副本.jpg,4096,4.00 KB,image extension but header signature mismatch,2023-10-21 16:24:07
E:\328桌面\作品集\._叶婷作品集-2022_7.jpg,4096,4.00 KB,image extension but header signature mismatch,2023-10-21 16:23:12
E:\328桌面\作品集\._叶婷作品集-2022_17.jpg,4096,4.00 KB,image extension but header signature mismatch,2023-10-21 16:23:12
E:\328桌面\作品集\._叶婷作品集-2022_16.jpg,4096,4.00 KB,image extension but header signature mismatch,2023-10-21 16:23:12
E:\328桌面\作品集\._叶婷作品集-2022_6.jpg,4096,4.00 KB,image extension but header signature mismatch,2023-10-21 16:23:12
E:\328桌面\作品集\._叶婷作品集-2022_4.jpg,4096,4.00 KB,image extension but header signature mismatch,2023-10-21 16:23:12
E:\328桌面\作品集\._叶婷作品集-2022_14.jpg,4096,4.00 KB,image extension but header signature mismatch,2023-10-21 16:23:12
E:\328桌面\作品集\._叶婷作品集-2022_15.jpg,4096,4.00 KB,image extension but header signature mismatch,2023-10-21 16:23:12
E:\328桌面\作品集\._叶婷作品集-2022_5.jpg,4096,4.00 KB,image extension but header signature mismatch,2023-10-21 16:23:12
E:\328桌面\作品集\._叶婷作品集-2022_10.jpg,4096,4.00 KB,image extension but header signature mismatch,2023-10-21 16:23:12
E:\328桌面\作品集\._叶婷作品集-2022_2.jpg,4096,4.00 KB,image extension but header signature mismatch,2023-10-21 16:23:12
E:\328桌面\作品集\._叶婷作品集-2022_12.jpg,4096,4.00 KB,image extension but header signature mismatch,2023-10-21 16:23:13
E:\328桌面\作品集\._叶婷作品集-2022_13.jpg,4096,4.00 KB,image extension but header signature mismatch,2023-10-21 16:23:13
E:\328桌面\作品集\._叶婷作品集-2022_3.jpg,4096,4.00 KB,image extension but header signature mismatch,2023-10-21 16:23:13
E:\328桌面\作品集\._叶婷作品集-2022_11 .jpg,4096,4.00 KB,image extension but header signature mismatch,2023-10-21 16:23:13
E:\328桌面\作品集\._叶婷作品集-2022_ 1.jpg,4096,4.00 KB,image extension but header signature mismatch,2023-10-21 16:23:13
E:\328桌面\作品集\._叶婷作品集-2022_8.jpg,4096,4.00 KB,image extension but header signature mismatch,2023-10-21 16:23:13
E:\328桌面\作品集\._叶婷作品集-2022_18.jpg,4096,4.00 KB,image extension but header signature mismatch,2023-10-21 16:23:13
E:\328桌面\作品集\._叶婷作品集-2022_9.jpg,4096,4.00 KB,image extension but header signature mismatch,2023-10-21 16:23:13
E:\328桌面\安安成长照片\._IMG_1108.JPG,4096,4.00 KB,image extension but header signature mismatch,2023-10-21 16:23:13
E:\328桌面\安安成长照片\._IMG_1120.JPG,4096,4.00 KB,image extension but header signature mismatch,2023-10-21 16:23:13
E:\328桌面\安安成长照片\._tempImg 24.JPG,4096,4.00 KB,image extension but header signature mismatch,2023-10-21 16:23:13
E:\328桌面\安安成长照片\._tempImg 18.JPG,4096,4.00 KB,image extension but header signature mismatch,2023-10-21 16:23:14
E:\328桌面\安安成长照片\._tempImg 19.JPG,4096,4.00 KB,image extension but header signature mismatch,2023-10-21 16:23:14
E:\328桌面\安安成长照片\._tempImg 25.JPG,4096,4.00 KB,image extension but header signature mismatch,2023-10-21 16:23:14
E:\328桌面\安安成长照片\._8D8D38F3-74B5-47F1-A9D7-558B7AF42B70.JPG,4096,4.00 KB,image extension but header signature mismatch,2023-10-21 16:23:14
E:\328桌面\安安成长照片\._IMG_1109.JPG,4096,4.00 KB,image extension but header signature mismatch,2023-10-21 16:23:14
E:\328桌面\安安成长照片\._IMG_2164.JPG,4096,4.00 KB,image extension but header signature mismatch,2023-10-21 16:23:14
E:\328桌面\安安成长照片\._Snapseed 8.jpg,4096,4.00 KB,image extension but header signature mismatch,2023-10-21 16:23:14
E:\328桌面\安安成长照片\._2767D616-A5F8-4311-9602-67525D5E2A7D.JPG,4096,4.00 KB,image extension but header signature mismatch,2023-10-21 16:23:14
E:\328桌面\安安成长照片\._tempImg 27.JPG,4096,4.00 KB,image extension but header signature mismatch,2023-10-21 16:23:14
E:\328桌面\安安成长照片\._tempImg 26.JPG,4096,4.00 KB,image extension but header signature mismatch,2023-10-21 16:23:14
E:\328桌面\安安成长照片\._IMG_3725.JPG,4096,4.00 KB,image extension but header signature mismatch,2023-10-21 16:23:14
E:\328桌面\安安成长照片\._tempImg 22.JPG,4096,4.00 KB,image extension but header signature mismatch,2023-10-21 16:23:14
E:\328桌面\安安成长照片\._tempImg 23.JPG,4096,4.00 KB,image extension but header signature mismatch,2023-10-21 16:23:14
E:\328桌面\安安成长照片\._IMG_1872.JPG,4096,4.00 KB,image extension but header signature mismatch,2023-10-21 16:23:14
E:\328桌面\安安成长照片\._IMG_2162.JPG,4096,4.00 KB,image extension but header signature mismatch,2023-10-21 16:23:14
E:\328桌面\安安成长照片\._IMG_1119.JPG,4096,4.00 KB,image extension but header signature mismatch,2023-10-21 16:23:14
E:\328桌面\安安成长照片\._tempImg 21.JPG,4096,4.00 KB,image extension but header signature mismatch,2023-10-21 16:23:14
E:\328桌面\安安成长照片\._tempImg 20.JPG,4096,4.00 KB,image extension but header signature mismatch,2023-10-21 16:23:14
E:\328桌面\安安成长照片\._IMG_1118.JPG,4096,4.00 KB,image extension but header signature mismatch,2023-10-21 16:23:14
E:\328桌面\安安成长照片\._IMG_1124.JPG,4096,4.00 KB,image extension but header signature mismatch,2023-10-21 16:23:14
E:\328桌面\安安成长照片\._IMG_3727.JPG,4096,4.00 KB,image extension but header signature mismatch,2023-10-21 16:23:14
E:\328桌面\安安成长照片\._IMG_1871.JPG,4096,4.00 KB,image extension but header signature mismatch,2023-10-21 16:23:14
E:\328桌面\安安成长照片\._IMG_2161.JPG,4096,4.00 KB,image extension but header signature mismatch,2023-10-21 16:23:14
E:\328桌面\安安成长照片\._IMG_0711.JPG,4096,4.00 KB,image extension but header signature mismatch,2023-10-21 16:23:14
E:\328桌面\安安成长照片\._4660B101-01F6-4D28-AB37-15DFF7CBAC32.JPG,4096,4.00 KB,image extension but header signature mismatch,2023-10-21 16:23:14
E:\328桌面\安安成长照片\._tempImg 4.JPG,4096,4.00 KB,image extension but header signature mismatch,2023-10-21 16:23:14
E:\328桌面\安安成长照片\._IMG_3807.JPG,4096,4.00 KB,image extension but header signature mismatch,2023-10-21 16:23:14
E:\328桌面\安安成长照片\._IMG_1745.JPG,4096,4.00 KB,image extension but header signature mismatch,2023-10-21 16:23:14
E:\328桌面\安安成长照片\._IMG_3152.JPG,4096,4.00 KB,image extension but header signature mismatch,2023-10-21 16:23:14
E:\328桌面\安安成长照片\._IMG_3153.JPG,4096,4.00 KB,image extension but header signature mismatch,2023-10-21 16:23:14
E:\328桌面\安安成长照片\._IMG_1744.JPG,4096,4.00 KB,image extension but header signature mismatch,2023-10-21 16:23:14
E:\328桌面\安安成长照片\._IMG_3806.JPG,4096,4.00 KB,image extension but header signature mismatch,2023-10-21 16:23:14
E:\328桌面\安安成长照片\._tempImg 5.JPG,4096,4.00 KB,image extension but header signature mismatch,2023-10-21 16:23:14
E:\328桌面\安安成长照片\._IMG_3796.JPG,4096,4.00 KB,image extension but header signature mismatch,2023-10-21 16:23:14
E:\328桌面\安安成长照片\._62989B4E-7667-46A0-B253-45AEA239FCD9.JPG,4096,4.00 KB,image extension but header signature mismatch,2023-10-21 16:23:14
E:\328桌面\安安成长照片\._IMG_0706.JPG,4096,4.00 KB,image extension but header signature mismatch,2023-10-21 16:23:14
E:\328桌面\安安成长照片\._IMG_0712.JPG,4096,4.00 KB,image extension but header signature mismatch,2023-10-21 16:23:14
E:\328桌面\安安成长照片\._tempImg 7.JPG,4096,4.00 KB,image extension but header signature mismatch,2023-10-21 16:23:14
E:\328桌面\安安成长照片\._IMG_1746.JPG,4096,4.00 KB,image extension but header signature mismatch,2023-10-21 16:23:14
E:\328桌面\安安成长照片\._IMG_3811.JPG,4096,4.00 KB,image extension but header signature mismatch,2023-10-21 16:23:14
E:\328桌面\安安成长照片\._tempImg 6.JPG,4096,4.00 KB,image extension but header signature mismatch,2023-10-21 16:23:14
E:\328桌面\安安成长照片\._tempImg 2.JPG,4096,4.00 KB,image extension but header signature mismatch,2023-10-21 16:23:14
E:\328桌面\安安成长照片\._IMG_3829.JPG,4096,4.00 KB,image extension but header signature mismatch,2023-10-21 16:23:15
E:\328桌面\安安成长照片\._IMG_3801.JPG,4096,4.00 KB,image extension but header signature mismatch,2023-10-21 16:23:15
E:\328桌面\安安成长照片\._IMG_1743.JPG,4096,4.00 KB,image extension but header signature mismatch,2023-10-21 16:23:15
E:\328桌面\安安成长照片\._IMG_3154.JPG,4096,4.00 KB,image extension but header signature mismatch,2023-10-21 16:23:15
E:\328桌面\安安成长照片\._D3142076-26B8-405A-9118-9CB6C2067A60.JPG,4096,4.00 KB,image extension but header signature mismatch,2023-10-21 16:23:15
E:\328桌面\安安成长照片\._IMG_1742.JPG,4096,4.00 KB,image extension but header signature mismatch,2023-10-21 16:23:15
E:\328桌面\安安成长照片\._IMG_3828.JPG,4096,4.00 KB,image extension but header signature mismatch,2023-10-21 16:23:15
E:\328桌面\安安成长照片\._tempImg 3.JPG,4096,4.00 KB,image extension but header signature mismatch,2023-10-21 16:23:15
E:\328桌面\安安成长照片\._IMG_1350.JPG,4096,4.00 KB,image extension but header signature mismatch,2023-10-21 16:23:15
E:\328桌面\安安成长照片\._IMG_1740.JPG,4096,4.00 KB,image extension but header signature mismatch,2023-10-21 16:23:15
E:\328桌面\安安成长照片\._IMG_3157.JPG,4096,4.00 KB,image extension but header signature mismatch,2023-10-21 16:23:15
E:\328桌面\安安成长照片\._IMG_1557.JPG,4096,4.00 KB,image extension but header signature mismatch,2023-10-21 16:23:15
E:\328桌面\安安成长照片\._IMG_3156.JPG,4096,4.00 KB,image extension but header signature mismatch,2023-10-21 16:23:15
E:\328桌面\安安成长照片\._IMG_3803.JPG,4096,4.00 KB,image extension but header signature mismatch,2023-10-21 16:23:15
E:\328桌面\安安成长照片\._IMG_0715.JPG,4096,4.00 KB,image extension but header signature mismatch,2023-10-21 16:23:15
E:\328桌面\安安成长照片\._IMG_1351.JPG,4096,4.00 KB,image extension but header signature mismatch,2023-10-21 16:23:15
E:\328桌面\安安成长照片\._IMG_1348.JPG,4096,4.00 KB,image extension but header signature mismatch,2023-10-21 16:23:15
E:\328桌面\安安成长照片\._IMG_1573.JPG,4096,4.00 KB,image extension but header signature mismatch,2023-10-21 16:23:15
E:\328桌面\安安成长照片\._IMG_1349.JPG,4096,4.00 KB,image extension but header signature mismatch,2023-10-21 16:23:15
E:\328桌面\安安成长照片\._IMG_3831.JPG,4096,4.00 KB,image extension but header signature mismatch,2023-10-21 16:23:15
E:\328桌面\安安成长照片\._IMG_3158.JPG,4096,4.00 KB,image extension but header signature mismatch,2023-10-21 16:23:15
E:\328桌面\安安成长照片\._IMG_1559.JPG,4096,4.00 KB,image extension but header signature mismatch,2023-10-21 16:23:15
E:\328桌面\安安成长照片\._60E12515-670D-4C9E-9277-A7C4EF20FEF8.JPG,4096,4.00 KB,image extension but header signature mismatch,2023-10-21 16:23:15
E:\328桌面\安安成长照片\._IMG_1558.JPG,4096,4.00 KB,image extension but header signature mismatch,2023-10-21 16:23:15
E:\328桌面\安安成长照片\._IMG_3159.JPG,4096,4.00 KB,image extension but header signature mismatch,2023-10-21 16:23:15
E:\328桌面\安安成长照片\._WechatIMG1124.jpeg,4096,4.00 KB,image extension but header signature mismatch,2023-10-21 16:23:15
E:\328桌面\安安成长照片\._IMG_3830.JPG,4096,4.00 KB,image extension but header signature mismatch,2023-10-21 16:23:15
E:\328桌面\安安成长照片\._IMG_3824.JPG,4096,4.00 KB,image extension but header signature mismatch,2023-10-21 16:23:15
E:\328桌面\安安成长照片\._IMG_3808.JPG,4096,4.00 KB,image extension but header signature mismatch,2023-10-21 16:23:15
E:\328桌面\安安成长照片\._IMG_3161.JPG,4096,4.00 KB,image extension but header signature mismatch,2023-10-21 16:23:15
E:\328桌面\安安成长照片\._IMG_3160.JPG,4096,4.00 KB,image extension but header signature mismatch,2023-10-21 16:23:15
E:\328桌面\安安成长照片\._IMG_3821.JPG,4096,4.00 KB,image extension but header signature mismatch,2023-10-21 16:23:15
E:\328桌面\安安成长照片\._IMG_3809.JPG,4096,4.00 KB,image extension but header signature mismatch,2023-10-21 16:23:15
E:\328桌面\安安成长照片\._tempImg 8.JPG,4096,4.00 KB,image extension but header signature mismatch,2023-10-21 16:23:15
E:\328桌面\安安成长照片\._tempImg 9.JPG,4096,4.00 KB,image extension but header signature mismatch,2023-10-21 16:23:15
E:\328桌面\安安成长照片\._IMG_0586.JPG,4096,4.00 KB,image extension but header signature mismatch,2023-10-21 16:23:15
E:\328桌面\安安成长照片\._IMG_1115.JPG,4096,4.00 KB,image extension but header signature mismatch,2023-10-21 16:23:15
E:\328桌面\安安成长照片\._tempImg 11.JPG,4096,4.00 KB,image extension but header signature mismatch,2023-10-21 16:23:15
E:\328桌面\安安成长照片\._IMG_3312.JPG,4096,4.00 KB,image extension but header signature mismatch,2023-10-21 16:23:15
E:\328桌面\安安成长照片\._tempImg 10.JPG,4096,4.00 KB,image extension but header signature mismatch,2023-10-21 16:23:15
E:\328桌面\安安成长照片\._Snapseed 3.jpg,4096,4.00 KB,image extension but header signature mismatch,2023-10-21 16:23:15
E:\328桌面\安安成长照片\._IMG_1738.JPG,4096,4.00 KB,image extension but header signature mismatch,2023-10-21 16:23:15
E:\328桌面\安安成长照片\._tempImg 12.JPG,4096,4.00 KB,image extension but header signature mismatch,2023-10-21 16:23:15
E:\328桌面\安安成长照片\._tempImg 13.JPG,4096,4.00 KB,image extension but header signature mismatch,2023-10-21 16:23:15
E:\328桌面\安安成长照片\._IMG_1739.JPG,4096,4.00 KB,image extension but header signature mismatch,2023-10-21 16:23:15
E:\328桌面\安安成长照片\._WechatIMG517.jpeg,4096,4.00 KB,image extension but header signature mismatch,2023-10-21 16:23:15
E:\328桌面\安安成长照片\._Snapseed 2.jpg,4096,4.00 KB,image extension but header signature mismatch,2023-10-21 16:23:15
E:\328桌面\安安成长照片\._Snapseed 6.jpg,4096,4.00 KB,image extension but header signature mismatch,2023-10-21 16:23:16
E:\328桌面\安安成长照片\._FD729EA8-AB87-4F28-BB9A-CF43139BBBE6.JPG,4096,4.00 KB,image extension but header signature mismatch,2023-10-21 16:23:16
E:\328桌面\安安成长照片\._IMG_1113.JPG,4096,4.00 KB,image extension but header signature mismatch,2023-10-21 16:23:16
E:\328桌面\安安成长照片\._tempImg 17.JPG,4096,4.00 KB,image extension but header signature mismatch,2023-10-21 16:23:16
E:\328桌面\安安成长照片\._IMG_0620.JPG,4096,4.00 KB,image extension but header signature mismatch,2023-10-21 16:23:16
E:\328桌面\安安成长照片\._tempImg 16.JPG,4096,4.00 KB,image extension but header signature mismatch,2023-10-21 16:23:16
E:\328桌面\安安成长照片\._IMG_1106.JPG,4096,4.00 KB,image extension but header signature mismatch,2023-10-21 16:23:16
E:\328桌面\安安成长照片\._Snapseed 7.jpg,4096,4.00 KB,image extension but header signature mismatch,2023-10-21 16:23:16
E:\328桌面\安安成长照片\._Snapseed 5.jpg,4096,4.00 KB,image extension but header signature mismatch,2023-10-21 16:23:16
E:\328桌面\安安成长照片\._IMG_0583.JPG,4096,4.00 KB,image extension but header signature mismatch,2023-10-21 16:23:16
E:\328桌面\安安成长照片\._tempImg.JPG,4096,4.00 KB,image extension but header signature mismatch,2023-10-21 16:23:16
E:\328桌面\安安成长照片\._tempImg 28.JPG,4096,4.00 KB,image extension but header signature mismatch,2023-10-21 16:23:16
E:\328桌面\安安成长照片\._tempImg 14.JPG,4096,4.00 KB,image extension but header signature mismatch,2023-10-21 16:23:16
E:\328桌面\安安成长照片\._tempImg 15.JPG,4096,4.00 KB,image extension but header signature mismatch,2023-10-21 16:23:16
E:\328桌面\安安成长照片\._tempImg 29.JPG,4096,4.00 KB,image extension but header signature mismatch,2023-10-21 16:23:16
E:\328桌面\安安成长照片\._IMG_0582.JPG,4096,4.00 KB,image extension but header signature mismatch,2023-10-21 16:23:16
E:\328桌面\安安成长照片\._Snapseed 4.jpg,4096,4.00 KB,image extension but header signature mismatch,2023-10-21 16:23:16
E:\328桌面\周岁照选图\._117A6314-----.jpg,4096,4.00 KB,image extension but header signature mismatch,2023-10-21 16:23:16
E:\328桌面\周岁照选图\._117A6547.JPG,4096,4.00 KB,image extension but header signature mismatch,2023-10-21 16:23:16
E:\328桌面\周岁照选图\._117A6427.JPG,4096,4.00 KB,image extension but header signature mismatch,2023-10-21 16:23:16
E:\328桌面\周岁照选图\._117A6619.JPG,4096,4.00 KB,image extension but header signature mismatch,2023-10-21 16:23:16
E:\328桌面\周岁照选图\._117A6426.JPG,4096,4.00 KB,image extension but header signature mismatch,2023-10-21 16:23:17
E:\328桌面\周岁照选图\._117A6593.JPG,4096,4.00 KB,image extension but header signature mismatch,2023-10-21 16:23:17
E:\328桌面\周岁照选图\._117A6544.JPG,4096,4.00 KB,image extension but header signature mismatch,2023-10-21 16:23:17
E:\328桌面\周岁照选图\._117A6578.JPG,4096,4.00 KB,image extension but header signature mismatch,2023-10-21 16:23:17
E:\328桌面\周岁照选图\._117A6381.JPG,4096,4.00 KB,image extension but header signature mismatch,2023-10-21 16:23:17
E:\328桌面\周岁照选图\._117A6425.JPG,4096,4.00 KB,image extension but header signature mismatch,2023-10-21 16:23:18
E:\328桌面\周岁照选图\._117A6592.JPG,4096,4.00 KB,image extension but header signature mismatch,2023-10-21 16:23:18
E:\328桌面\周岁照选图\._117A6556.JPG,4096,4.00 KB,image extension but header signature mismatch,2023-10-21 16:23:19
E:\328桌面\周岁照选图\._117A6350.JPG,4096,4.00 KB,image extension but header signature mismatch,2023-10-21 16:23:19
E:\328桌面\周岁照选图\._117A6386.JPG,4096,4.00 KB,image extension but header signature mismatch,2023-10-21 16:23:19
E:\328桌面\周岁照选图\._117A6337.JPG,4096,4.00 KB,image extension but header signature mismatch,2023-10-21 16:23:20
E:\328桌面\周岁照选图\._117A6321.JPG,4096,4.00 KB,image extension but header signature mismatch,2023-10-21 16:23:20
E:\328桌面\周岁照选图\._117A6452.JPG,4096,4.00 KB,image extension but header signature mismatch,2023-10-21 16:23:26
E:\328桌面\周岁照选图\._117A6532.JPG,4096,4.00 KB,image extension but header signature mismatch,2023-10-21 16:23:26
E:\328桌面\周岁照选图\._117A6521.JPG,4096,4.00 KB,image extension but header signature mismatch,2023-10-21 16:23:28
E:\328桌面\周岁照选图\._117A6642.JPG,4096,4.00 KB,image extension but header signature mismatch,2023-10-21 16:23:28
E:\328桌面\周岁照选图\._117A6534.JPG,4096,4.00 KB,image extension but header signature mismatch,2023-10-21 16:23:28
E:\328桌面\周岁照选图\._117A6511.JPG,4096,4.00 KB,image extension but header signature mismatch,2023-10-21 16:23:29
E:\328桌面\周岁照选图\._117A6539.JPG,4096,4.00 KB,image extension but header signature mismatch,2023-10-21 16:23:29
E:\328桌面\周岁照选图\._117A6465.JPG,4096,4.00 KB,image extension but header signature mismatch,2023-10-21 16:23:29
E:\328桌面\周岁照选图\._117A6316.JPG,4096,4.00 KB,image extension but header signature mismatch,2023-10-21 16:23:29
E:\328桌面\周岁照选图\._117A6506.JPG,4096,4.00 KB,image extension but header signature mismatch,2023-10-21 16:23:29
E:\328桌面\周岁照选图\._117A6314.JPG,4096,4.00 KB,image extension but header signature mismatch,2023-10-21 16:23:29
E:\328桌面\周岁照选图\._117A6517.JPG,4096,4.00 KB,image extension but header signature mismatch,2023-10-21 16:23:31
E:\328桌面\周岁照选图\._117A6503.JPG,4096,4.00 KB,image extension but header signature mismatch,2023-10-21 16:23:31
E:\328桌面\周岁照选图\._117A6339.JPG,4096,4.00 KB,image extension but header signature mismatch,2023-10-21 16:23:31
E:\328桌面\周岁照选图\._117A6463.JPG,4096,4.00 KB,image extension but header signature mismatch,2023-10-21 16:23:31
E:\328桌面\周岁照选图\._117A6477.JPG,4096,4.00 KB,image extension but header signature mismatch,2023-10-21 16:23:31
E:\328桌面\周岁照选图\._117A6528.JPG,4096,4.00 KB,image extension but header signature mismatch,2023-10-21 16:23:32
E:\328桌面\周岁照选图\._117A6312.JPG,4096,4.00 KB,image extension but header signature mismatch,2023-10-21 16:23:32
E:\328桌面\周岁照选图\._117A6307.JPG,4096,4.00 KB,image extension but header signature mismatch,2023-10-21 16:23:33
E:\328桌面\周岁照选图\._117A6374.JPG,4096,4.00 KB,image extension but header signature mismatch,2023-10-21 16:23:34
E:\328桌面\周岁照选图\._117A6611.JPG,4096,4.00 KB,image extension but header signature mismatch,2023-10-21 16:23:34
E:\328桌面\周岁照选图\._117A6361.JPG,4096,4.00 KB,image extension but header signature mismatch,2023-10-21 16:23:34
E:\328桌面\周岁照选图\._117A6559.JPG,4096,4.00 KB,image extension but header signature mismatch,2023-10-21 16:23:35
E:\328桌面\周岁照选图\._117A6363.JPG,4096,4.00 KB,image extension but header signature mismatch,2023-10-21 16:23:35
E:\328桌面\周岁照选图\._117A6439.JPG,4096,4.00 KB,image extension but header signature mismatch,2023-10-21 16:23:35
E:\328桌面\周岁照选图\._117A6570.JPG,4096,4.00 KB,image extension but header signature mismatch,2023-10-21 16:23:35
E:\328桌面\周岁照选图\._117A6574.JPG,4096,4.00 KB,image extension but header signature mismatch,2023-10-21 16:23:35
E:\328桌面\周岁照选图\._117A6399.JPG,4096,4.00 KB,image extension but header signature mismatch,2023-10-21 16:23:36
E:\328桌面\周岁照选图\._117A6563.JPG,4096,4.00 KB,image extension but header signature mismatch,2023-10-21 16:23:37
E:\328桌面\周岁照选图\._117A6359.JPG,4096,4.00 KB,image extension but header signature mismatch,2023-10-21 16:23:37
E:\328桌面\周岁照选图\._117A6403.JPG,4096,4.00 KB,image extension but header signature mismatch,2023-10-21 16:23:37
E:\328桌面\周岁照选图\._117A6601.JPG,4096,4.00 KB,image extension but header signature mismatch,2023-10-21 16:23:37
E:\328桌面\周岁照选图\._117A6614.JPG,4096,4.00 KB,image extension but header signature mismatch,2023-10-21 16:23:37
E:\328桌面\周岁照选图\._117A6370.JPG,4096,4.00 KB,image extension but header signature mismatch,2023-10-21 16:23:37
E:\328桌面\周岁照选图\._117A6562.JPG,4096,4.00 KB,image extension but header signature mismatch,2023-10-21 16:23:37
E:\328桌面\周岁照选图\精修图\._IMG_0738副本.jpg,4096,4.00 KB,image extension but header signature mismatch,2023-10-21 16:23:17
E:\328桌面\周岁照选图\精修图\._IMG_0738.JPG,4096,4.00 KB,image extension but header signature mismatch,2023-10-21 16:23:17
E:\328桌面\周岁照选图\精修图\._IMG_0728.JPG,4096,4.00 KB,image extension but header signature mismatch,2023-10-21 16:23:17
E:\328桌面\周岁照选图\精修图\._IMG_0729.JPG,4096,4.00 KB,image extension but header signature mismatch,2023-10-21 16:23:17
E:\328桌面\周岁照选图\精修图\._IMG_0730.JPG,4096,4.00 KB,image extension but header signature mismatch,2023-10-21 16:23:17
E:\328桌面\周岁照选图\精修图\._IMG_0724.JPG,4096,4.00 KB,image extension but header signature mismatch,2023-10-21 16:23:17
E:\328桌面\周岁照选图\精修图\._IMG_0737副本.jpg,4096,4.00 KB,image extension but header signature mismatch,2023-10-21 16:23:17
E:\328桌面\周岁照选图\精修图\._IMG_0725.JPG,4096,4.00 KB,image extension but header signature mismatch,2023-10-21 16:23:17
E:\328桌面\周岁照选图\精修图\._IMG_0731.JPG,4096,4.00 KB,image extension but header signature mismatch,2023-10-21 16:23:17
E:\328桌面\周岁照选图\精修图\._IMG_0727.JPG,4096,4.00 KB,image extension but header signature mismatch,2023-10-21 16:23:17
E:\328桌面\周岁照选图\精修图\._IMG_0733.JPG,4096,4.00 KB,image extension but header signature mismatch,2023-10-21 16:23:17
E:\328桌面\周岁照选图\精修图\._IMG_0735副本.jpg,4096,4.00 KB,image extension but header signature mismatch,2023-10-21 16:23:17
E:\328桌面\周岁照选图\精修图\._IMG_0732.JPG,4096,4.00 KB,image extension but header signature mismatch,2023-10-21 16:23:17
E:\328桌面\周岁照选图\精修图\._IMG_0726.JPG,4096,4.00 KB,image extension but header signature mismatch,2023-10-21 16:23:17
E:\328桌面\周岁照选图\精修图\._IMG_0722.JPG,4096,4.00 KB,image extension but header signature mismatch,2023-10-21 16:23:17
E:\328桌面\周岁照选图\精修图\._IMG_0736.JPG,4096,4.00 KB,image extension but header signature mismatch,2023-10-21 16:23:17
E:\328桌面\周岁照选图\精修图\._IMG_0737.JPG,4096,4.00 KB,image extension but header signature mismatch,2023-10-21 16:23:17
E:\328桌面\周岁照选图\精修图\._IMG_0735.JPG,4096,4.00 KB,image extension but header signature mismatch,2023-10-21 16:23:17
E:\328桌面\周岁照选图\精修图\._IMG_0721.JPG,4096,4.00 KB,image extension but header signature mismatch,2023-10-21 16:23:17
E:\328桌面\周岁照选图\精修图\._IMG_0720.JPG,4096,4.00 KB,image extension but header signature mismatch,2023-10-21 16:23:17
E:\328桌面\周岁照选图\精修图\._IMG_0734.JPG,4096,4.00 KB,image extension but header signature mismatch,2023-10-21 16:23:17
E:\328桌面\周岁照选图\精修图\._IMG_0734副本.jpg,4096,4.00 KB,image extension but header signature mismatch,2023-10-21 16:23:17
E:\328桌面\周岁照选图\精修图\._IMG_0736副本.jpg,4096,4.00 KB,image extension but header signature mismatch,2023-10-21 16:23:17
E:\328桌面\周岁照选图\精修2\._117A6642副本.jpg,4096,4.00 KB,image extension but header signature mismatch,2023-10-21 16:23:20
E:\328桌面\周岁照选图\精修2\._117A6593.jpg,4096,4.00 KB,image extension but header signature mismatch,2023-10-21 16:23:20
E:\328桌面\周岁照选图\精修2\._117A6425.jpg,4096,4.00 KB,image extension but header signature mismatch,2023-10-21 16:23:22
E:\328桌面\周岁照选图\精修2\._117A6660副本.jpg,4096,4.00 KB,image extension but header signature mismatch,2023-10-21 16:23:22
E:\328桌面\周岁照选图\精修2\._117A6314副本.jpg,4096,4.00 KB,image extension but header signature mismatch,2023-10-21 16:23:22
E:\328桌面\周岁照选图\精修2\._117A6556.jpg,4096,4.00 KB,image extension but header signature mismatch,2023-10-21 16:23:22
E:\328桌面\周岁照选图\精修2\._117A6399-.jpg,4096,4.00 KB,image extension but header signature mismatch,2023-10-21 16:23:22
E:\328桌面\周岁照选图\精修2\._117A6547副本.jpg,4096,4.00 KB,image extension but header signature mismatch,2023-10-21 16:23:22
E:\328桌面\周岁照选图\精修2\._117A6363--.jpg,4096,4.00 KB,image extension but header signature mismatch,2023-10-21 16:23:25
E:\328桌面\周岁照选图\精修2\._117A6337.jpg,4096,4.00 KB,image extension but header signature mismatch,2023-10-21 16:23:25
E:\328桌面\周岁照选图\精修2\._117A6427副本.jpg,4096,4.00 KB,image extension but header signature mismatch,2023-10-21 16:23:25
E:\328桌面\周岁照选图\精修2\._117A6282.jpg,4096,4.00 KB,image extension but header signature mismatch,2023-10-21 16:23:25
E:\328桌面\周岁照选图\精修2\._117A6321.jpg,4096,4.00 KB,image extension but header signature mismatch,2023-10-21 16:23:25
E:\328桌面\周岁照选图\精修2\._117A6452.jpg,4096,4.00 KB,image extension but header signature mismatch,2023-10-21 16:23:25
E:\328桌面\周岁照选图\精修2\._117A6370-.jpg,4096,4.00 KB,image extension but header signature mismatch,2023-10-21 16:23:25
E:\328桌面\周岁照选图\精修2\._117A6374副本.jpg,4096,4.00 KB,image extension but header signature mismatch,2023-10-21 16:23:25
E:\328桌面\周岁照选图\精修2\._117A6544副本.jpg,4096,4.00 KB,image extension but header signature mismatch,2023-10-21 16:23:25
E:\328桌面\周岁照选图\精修2\._117A6642.jpg,4096,4.00 KB,image extension but header signature mismatch,2023-10-21 16:23:25
E:\328桌面\周岁照选图\精修2\._117A6619副本.jpg,4096,4.00 KB,image extension but header signature mismatch,2023-10-21 16:23:25
E:\328桌面\周岁照选图\精修2\._117A6539.jpg,4096,4.00 KB,image extension but header signature mismatch,2023-10-21 16:23:25
E:\328桌面\周岁照选图\精修2\._117A6465.jpg,4096,4.00 KB,image extension but header signature mismatch,2023-10-21 16:23:25
E:\328桌面\周岁照选图\精修2\._117A6316.jpg,4096,4.00 KB,image extension but header signature mismatch,2023-10-21 16:23:25
E:\328桌面\周岁照选图\精修2\._117A6289.jpg,4096,4.00 KB,image extension but header signature mismatch,2023-10-21 16:23:25
E:\328桌面\周岁照选图\精修2\._117A6506.jpg,4096,4.00 KB,image extension but header signature mismatch,2023-10-21 16:23:25
E:\328桌面\周岁照选图\精修2\._117A6532副本.jpg,4096,4.00 KB,image extension but header signature mismatch,2023-10-21 16:23:25
E:\328桌面\周岁照选图\精修2\._117A6659.jpg,4096,4.00 KB,image extension but header signature mismatch,2023-10-21 16:23:25
E:\328桌面\周岁照选图\精修2\._117A6665.jpg,4096,4.00 KB,image extension but header signature mismatch,2023-10-21 16:23:25
E:\328桌面\周岁照选图\精修2\._117A6503.jpg,4096,4.00 KB,image extension but header signature mismatch,2023-10-21 16:23:25
E:\328桌面\周岁照选图\精修2\._117A6339.jpg,4096,4.00 KB,image extension but header signature mismatch,2023-10-21 16:23:25
E:\328桌面\周岁照选图\精修2\._117A6463.jpg,4096,4.00 KB,image extension but header signature mismatch,2023-10-21 16:23:26
E:\328桌面\周岁照选图\精修2\._117A6477.jpg,4096,4.00 KB,image extension but header signature mismatch,2023-10-21 16:23:26
E:\328桌面\周岁照选图\精修2\._117A6528.jpg,4096,4.00 KB,image extension but header signature mismatch,2023-10-21 16:23:26
E:\328桌面\周岁照选图\精修2\._117A6312.jpg,4096,4.00 KB,image extension but header signature mismatch,2023-10-21 16:23:26
E:\328桌面\周岁照选图\精修2\._117A6381副本.jpg,4096,4.00 KB,image extension but header signature mismatch,2023-10-21 16:23:26
E:\328桌面\周岁照选图\精修2\._117A6703.jpg,4096,4.00 KB,image extension but header signature mismatch,2023-10-21 16:23:26
E:\328桌面\周岁照选图\精修2\._117A6386副本.jpg,4096,4.00 KB,image extension but header signature mismatch,2023-10-21 16:23:26
E:\328桌面\周岁照选图\精修2\._117A6570.jpg,4096,4.00 KB,image extension but header signature mismatch,2023-10-21 16:23:26
E:\328桌面\周岁照选图\精修2\._117A6511副本.jpg,4096,4.00 KB,image extension but header signature mismatch,2023-10-21 16:23:26
E:\328桌面\周岁照选图\精修2\._117A6307-精修.jpg,4096,4.00 KB,image extension but header signature mismatch,2023-10-21 16:23:26
E:\328桌面\周岁照选图\精修2\._117A6563.jpg,4096,4.00 KB,image extension but header signature mismatch,2023-10-21 16:23:26
E:\328桌面\周岁照选图\精修2\._117A6359.jpg,4096,4.00 KB,image extension but header signature mismatch,2023-10-21 16:23:26
E:\328桌面\周岁照选图\精修2\._117A6403.jpg,4096,4.00 KB,image extension but header signature mismatch,2023-10-21 16:23:26
E:\328桌面\周岁照选图\精修2\._117A6614.jpg,4096,4.00 KB,image extension but header signature mismatch,2023-10-21 16:23:26
E:\328桌面\周岁照选图\精修2\._117A6562.jpg,4096,4.00 KB,image extension but header signature mismatch,2023-10-21 16:23:26
E:\328桌面\周岁照选图\精修2\加字\._117A6547.jpg,4096,4.00 KB,image extension but header signature mismatch,2023-10-21 16:23:20
E:\328桌面\周岁照选图\精修2\加字\._117A6593.jpg,4096,4.00 KB,image extension but header signature mismatch,2023-10-21 16:23:20
E:\328桌面\周岁照选图\精修2\加字\._117A6381-副本.jpg,4096,4.00 KB,image extension but header signature mismatch,2023-10-21 16:23:21
E:\328桌面\周岁照选图\精修2\加字\._117A6563---.jpg,4096,4.00 KB,image extension but header signature mismatch,2023-10-21 16:23:21
E:\328桌面\周岁照选图\精修2\加字\._117A6511副本的副本.jpg,4096,4.00 KB,image extension but header signature mismatch,2023-10-21 16:23:21
E:\328桌面\周岁照选图\精修2\加字\._117A6403-.jpg,4096,4.00 KB,image extension but header signature mismatch,2023-10-21 16:23:21
E:\328桌面\周岁照选图\精修2\加字\._117A6314副本.jpg,4096,4.00 KB,image extension but header signature mismatch,2023-10-21 16:23:21
E:\328桌面\周岁照选图\精修2\加字\._117A6556.jpg,4096,4.00 KB,image extension but header signature mismatch,2023-10-21 16:23:21
E:\328桌面\周岁照选图\精修2\加字\._117A6350.jpg,4096,4.00 KB,image extension but header signature mismatch,2023-10-21 16:23:21
E:\328桌面\周岁照选图\精修2\加字\._117A6361--.jpg,4096,4.00 KB,image extension but header signature mismatch,2023-10-21 16:23:21
E:\328桌面\周岁照选图\精修2\加字\._117A6321.jpg,4096,4.00 KB,image extension but header signature mismatch,2023-10-21 16:23:21
E:\328桌面\周岁照选图\精修2\加字\._117A6403-----.jpg,4096,4.00 KB,image extension but header signature mismatch,2023-10-21 16:23:21
E:\328桌面\周岁照选图\精修2\加字\._117A6544副本.jpg,4096,4.00 KB,image extension but header signature mismatch,2023-10-21 16:23:21
E:\328桌面\周岁照选图\精修2\加字\._117A6307-.jpg,4096,4.00 KB,image extension but header signature mismatch,2023-10-21 16:23:21
E:\328桌面\周岁照选图\精修2\加字\._117A6312-.jpg,4096,4.00 KB,image extension but header signature mismatch,2023-10-21 16:23:21
E:\328桌面\周岁照选图\精修2\加字\._117A6425---.jpg,4096,4.00 KB,image extension but header signature mismatch,2023-10-21 16:23:21
E:\328桌面\周岁照选图\精修2\加字\._117A6316.jpg,4096,4.00 KB,image extension but header signature mismatch,2023-10-21 16:23:21
E:\328桌面\周岁照选图\精修2\加字\._117A6532副本.jpg,4096,4.00 KB,image extension but header signature mismatch,2023-10-21 16:23:21
E:\328桌面\周岁照选图\精修2\加字\._117A6363--1.jpg,4096,4.00 KB,image extension but header signature mismatch,2023-10-21 16:23:21
E:\328桌面\周岁照选图\精修2\加字\._117A6339.jpg,4096,4.00 KB,image extension but header signature mismatch,2023-10-21 16:23:21
E:\328桌面\周岁照选图\精修2\加字\._117A6463.jpg,4096,4.00 KB,image extension but header signature mismatch,2023-10-21 16:23:21
E:\328桌面\周岁照选图\精修2\加字\._117A6427-.jpg,4096,4.00 KB,image extension but header signature mismatch,2023-10-21 16:23:21
E:\328桌面\周岁照选图\精修2\加字\._117A6359-.jpg,4096,4.00 KB,image extension but header signature mismatch,2023-10-21 16:23:21
E:\328桌面\周岁照选图\精修2\加字\._117A6363-.jpg,4096,4.00 KB,image extension but header signature mismatch,2023-10-21 16:23:21
E:\328桌面\周岁照选图\精修2\加字\._117A6532------.jpg,4096,4.00 KB,image extension but header signature mismatch,2023-10-21 16:23:21
E:\328桌面\周岁照选图\精修2\加字\._117A6386-副本.jpg,4096,4.00 KB,image extension but header signature mismatch,2023-10-21 16:23:21
E:\328桌面\周岁照选图\精修2\加字\._117A6570.jpg,4096,4.00 KB,image extension but header signature mismatch,2023-10-21 16:23:21
E:\328桌面\周岁照选图\精修2\加字\._117A6399副本.jpg,4096,4.00 KB,image extension but header signature mismatch,2023-10-21 16:23:21
E:\328桌面\周岁照选图\精修2\加字\._117A6563.jpg,4096,4.00 KB,image extension but header signature mismatch,2023-10-21 16:23:21
E:\328桌面\周岁照选图\精修2\加字\._117A6370.jpg,4096,4.00 KB,image extension but header signature mismatch,2023-10-21 16:23:21
E:\328桌面\周岁照选图\精修2\8月28日精修片\._117A6374副本的副本.jpg,4096,4.00 KB,image extension but header signature mismatch,2023-10-21 16:23:22
E:\328桌面\周岁照选图\精修2\8月28日精修片\._117A6452的副本.jpg,4096,4.00 KB,image extension but header signature mismatch,2023-10-21 16:23:22
E:\328桌面\周岁照选图\精修2\8月28日精修片\._117A6339的副本.jpg,4096,4.00 KB,image extension but header signature mismatch,2023-10-21 16:23:22
E:\328桌面\周岁照选图\精修2\8月28日精修片\._117A6544副本的副本.jpg,4096,4.00 KB,image extension but header signature mismatch,2023-10-21 16:23:22
E:\328桌面\周岁照选图\精修2\8月28日精修片\._117A6532副本的副本.jpg,4096,4.00 KB,image extension but header signature mismatch,2023-10-21 16:23:22
E:\328桌面\周岁照选图\精修2\8月28日精修片\._117A6511副本的副本.jpg,4096,4.00 KB,image extension but header signature mismatch,2023-10-21 16:23:22
E:\328桌面\周岁照选图\精修2\8月28日精修片\._117A6665的副本.jpg,4096,4.00 KB,image extension but header signature mismatch,2023-10-21 16:23:23
E:\328桌面\周岁照选图\精修2\8月28日精修片\._117A6614的副本.jpg,4096,4.00 KB,image extension but header signature mismatch,2023-10-21 16:23:23
E:\328桌面\周岁照选图\精修2\8月28日精修片\._117A6386副本的副本.jpg,4096,4.00 KB,image extension but header signature mismatch,2023-10-21 16:23:23
E:\328桌面\周岁照选图\精修2\8月28日精修片\._117A6314副本的副本.jpg,4096,4.00 KB,image extension but header signature mismatch,2023-10-21 16:23:23
E:\328桌面\周岁照选图\精修2\8月28日精修片\._117A6427副本的副本.jpg,4096,4.00 KB,image extension but header signature mismatch,2023-10-21 16:23:23
E:\328桌面\周岁照选图\精修2\8月28日精修片\._117A6399-的副本.jpg,4096,4.00 KB,image extension but header signature mismatch,2023-10-21 16:23:23
E:\328桌面\周岁照选图\精修2\8月28日精修片\._117A6337的副本.jpg,4096,4.00 KB,image extension but header signature mismatch,2023-10-21 16:23:23
E:\328桌面\周岁照选图\精修2\8月28日精修片\._117A6381副本的副本.jpg,4096,4.00 KB,image extension but header signature mismatch,2023-10-21 16:23:23
E:\328桌面\周岁照选图\精修2\8月28日精修片\._117A6562的副本.jpg,4096,4.00 KB,image extension but header signature mismatch,2023-10-21 16:23:23
E:\328桌面\周岁照选图\精修2\8月28日精修片\._117A6321的副本.jpg,4096,4.00 KB,image extension but header signature mismatch,2023-10-21 16:23:23
E:\328桌面\周岁照选图\精修2\8月28日精修片\._117A6570的副本.jpg,4096,4.00 KB,image extension but header signature mismatch,2023-10-21 16:23:23
E:\328桌面\周岁照选图\精修2\8月28日精修片\._117A6425的副本.jpg,4096,4.00 KB,image extension but header signature mismatch,2023-10-21 16:23:23
E:\328桌面\周岁照选图\精修2\8月28日精修片\._117A6503的副本.jpg,4096,4.00 KB,image extension but header signature mismatch,2023-10-21 16:23:23
E:\328桌面\周岁照选图\精修2\8月28日精修片\._117A6403的副本.jpg,4096,4.00 KB,image extension but header signature mismatch,2023-10-21 16:23:23
E:\328桌面\周岁照选图\精修2\8月28日精修片\._117A6556的副本.jpg,4096,4.00 KB,image extension but header signature mismatch,2023-10-21 16:23:23
E:\328桌面\周岁照选图\精修2\8月28日精修片\._117A6619副本的副本.jpg,4096,4.00 KB,image extension but header signature mismatch,2023-10-21 16:23:23
E:\328桌面\周岁照选图\精修2\8月28日精修片\._117A6539的副本.jpg,4096,4.00 KB,image extension but header signature mismatch,2023-10-21 16:23:23
E:\328桌面\周岁照选图\精修2\8月28日精修片\._117A6659的副本.jpg,4096,4.00 KB,image extension but header signature mismatch,2023-10-21 16:23:23
E:\328桌面\周岁照选图\精修2\8月28日精修片\._117A6593的副本.jpg,4096,4.00 KB,image extension but header signature mismatch,2023-10-21 16:23:24
E:\328桌面\周岁照选图\精修2\8月28日精修片\._117A6289的副本.jpg,4096,4.00 KB,image extension but header signature mismatch,2023-10-21 16:23:24
E:\328桌面\周岁照选图\精修2\8月28日精修片\._117A6642的副本.jpg,4096,4.00 KB,image extension but header signature mismatch,2023-10-21 16:23:24
E:\328桌面\周岁照选图\精修2\8月28日精修片\._117A6506的副本.jpg,4096,4.00 KB,image extension but header signature mismatch,2023-10-21 16:23:24
E:\328桌面\周岁照选图\精修2\8月28日精修片\._117A6465的副本.jpg,4096,4.00 KB,image extension but header signature mismatch,2023-10-21 16:23:24
E:\328桌面\周岁照选图\精修2\8月28日精修片\._117A6477的副本.jpg,4096,4.00 KB,image extension but header signature mismatch,2023-10-21 16:23:24
E:\328桌面\周岁照选图\精修2\8月28日精修片\._117A6642副本的副本.jpg,4096,4.00 KB,image extension but header signature mismatch,2023-10-21 16:23:24
E:\328桌面\周岁照选图\精修2\8月28日精修片\._117A6307-精修的副本.jpg,4096,4.00 KB,image extension but header signature mismatch,2023-10-21 16:23:24
E:\328桌面\周岁照选图\精修2\8月28日精修片\._117A6359的副本.jpg,4096,4.00 KB,image extension but header signature mismatch,2023-10-21 16:23:24
E:\328桌面\周岁照选图\精修2\8月28日精修片\._117A6660副本的副本.jpg,4096,4.00 KB,image extension but header signature mismatch,2023-10-21 16:23:24
E:\328桌面\周岁照选图\精修2\8月28日精修片\._117A6547副本的副本.jpg,4096,4.00 KB,image extension but header signature mismatch,2023-10-21 16:23:24
E:\328桌面\周岁照选图\精修2\8月28日精修片\._117A6312的副本.jpg,4096,4.00 KB,image extension but header signature mismatch,2023-10-21 16:23:24
E:\328桌面\周岁照选图\精修2\8月28日精修片\._117A6282的副本.jpg,4096,4.00 KB,image extension but header signature mismatch,2023-10-21 16:23:24
E:\328桌面\周岁照选图\精修2\8月28日精修片\._117A6316的副本.jpg,4096,4.00 KB,image extension but header signature mismatch,2023-10-21 16:23:24
E:\328桌面\周岁照选图\精修2\8月28日精修片\._117A6528的副本.jpg,4096,4.00 KB,image extension but header signature mismatch,2023-10-21 16:23:24
E:\328桌面\周岁照选图\精修2\8月28日精修片\._117A6463的副本.jpg,4096,4.00 KB,image extension but header signature mismatch,2023-10-21 16:23:24
E:\328桌面\周岁照选图\精修2\8月28日精修片\._117A6563的副本.jpg,4096,4.00 KB,image extension but header signature mismatch,2023-10-21 16:23:24
E:\328桌面\周岁照选图\精修2\8月28日精修片\._117A6703的副本.jpg,4096,4.00 KB,image extension but header signature mismatch,2023-10-21 16:23:25
E:\328桌面\周岁照选图\精修2\8月28日精修片\._117A6363--的副本.jpg,4096,4.00 KB,image extension but header signature mismatch,2023-10-21 16:23:25
E:\328桌面\周岁照选图\精修2\8月28日精修片\._117A6370-的副本.jpg,4096,4.00 KB,image extension but header signature mismatch,2023-10-21 16:23:25
E:\328桌面\12.4\._A86A0259.jpeg,4096,4.00 KB,image extension but header signature mismatch,2023-10-21 16:23:37
E:\328桌面\12.4\._A86A0262.jpeg,4096,4.00 KB,image extension but header signature mismatch,2023-10-21 16:23:37
E:\328桌面\12.4\._A86A0264.jpeg,4096,4.00 KB,image extension but header signature mismatch,2023-10-21 16:23:37
E:\328桌面\12.4\._A86A0194.jpeg,4096,4.00 KB,image extension but header signature mismatch,2023-10-21 16:23:37
E:\328桌面\12.4\._A86A0267.jpeg,4096,4.00 KB,image extension but header signature mismatch,2023-10-21 16:23:37
E:\328桌面\12.4\._A86A0261.jpeg,4096,4.00 KB,image extension but header signature mismatch,2023-10-21 16:23:37
E:\328桌面\12.4\._A86A0276.jpeg,4096,4.00 KB,image extension but header signature mismatch,2023-10-21 16:23:37
E:\328桌面\12.4\._A86A0260.jpeg,4096,4.00 KB,image extension but header signature mismatch,2023-10-21 16:23:37
E:\328桌面\1007 百日照\._117A7894 2.JPG,4096,4.00 KB,image extension but header signature mismatch,2023-10-21 16:23:39
E:\328桌面\1007 百日照\._117A7936.JPG,4096,4.00 KB,image extension but header signature mismatch,2023-10-21 16:23:39
E:\328桌面\1007 百日照\._117A7923.JPG,4096,4.00 KB,image extension but header signature mismatch,2023-10-21 16:23:39
E:\328桌面\1007 百日照\._117A7937.JPG,4096,4.00 KB,image extension but header signature mismatch,2023-10-21 16:23:39
E:\328桌面\1007 百日照\._117A7894.JPG,4096,4.00 KB,image extension but header signature mismatch,2023-10-21 16:23:39
E:\328桌面\1007 百日照\._117A8027.JPG,4096,4.00 KB,image extension but header signature mismatch,2023-10-21 16:23:39
E:\328桌面\1007 百日照\._117A8033.JPG,4096,4.00 KB,image extension but header signature mismatch,2023-10-21 16:23:39
E:\328桌面\1007 百日照\._117A8019.JPG,4096,4.00 KB,image extension but header signature mismatch,2023-10-21 16:23:39
E:\328桌面\1007 百日照\._117A7855.JPG,4096,4.00 KB,image extension but header signature mismatch,2023-10-21 16:23:39
E:\328桌面\1007 百日照\._117A7841.JPG,4096,4.00 KB,image extension but header signature mismatch,2023-10-21 16:23:39
E:\328桌面\1007 百日照\._117A7869.JPG,4096,4.00 KB,image extension but header signature mismatch,2023-10-21 16:23:39
E:\328桌面\1007 百日照\._117A7935.JPG,4096,4.00 KB,image extension but header signature mismatch,2023-10-21 16:23:39
E:\328桌面\1007 百日照\._117A7934.JPG,4096,4.00 KB,image extension but header signature mismatch,2023-10-21 16:23:39
E:\328桌面\1007 百日照\._117A7920.JPG,4096,4.00 KB,image extension but header signature mismatch,2023-10-21 16:23:39
E:\328桌面\1007 百日照\._117A7868.JPG,4096,4.00 KB,image extension but header signature mismatch,2023-10-21 16:23:39
E:\328桌面\1007 百日照\._117A8018.JPG,4096,4.00 KB,image extension but header signature mismatch,2023-10-21 16:23:39
E:\328桌面\1007 百日照\._117A8020.JPG,4096,4.00 KB,image extension but header signature mismatch,2023-10-21 16:23:39
E:\328桌面\1007 百日照\._117A8034.JPG,4096,4.00 KB,image extension but header signature mismatch,2023-10-21 16:23:39
E:\328桌面\1007 百日照\._117A7878.JPG,4096,4.00 KB,image extension but header signature mismatch,2023-10-21 16:23:39
E:\328桌面\1007 百日照\._117A7850.JPG,4096,4.00 KB,image extension but header signature mismatch,2023-10-21 16:23:39
E:\328桌面\1007 百日照\._117A7844.JPG,4096,4.00 KB,image extension but header signature mismatch,2023-10-21 16:23:39
E:\328桌面\1007 百日照\._117A7893.JPG,4096,4.00 KB,image extension but header signature mismatch,2023-10-21 16:23:39
E:\328桌面\1007 百日照\._117A7924.JPG,4096,4.00 KB,image extension but header signature mismatch,2023-10-21 16:23:39
E:\328桌面\1007 百日照\._117A7925.JPG,4096,4.00 KB,image extension but header signature mismatch,2023-10-21 16:23:39
E:\328桌面\1007 百日照\._117A7845.JPG,4096,4.00 KB,image extension but header signature mismatch,2023-10-21 16:23:39
E:\328桌面\1007 百日照\._117A7933.JPG,4096,4.00 KB,image extension but header signature mismatch,2023-10-21 16:23:40
E:\328桌面\1007 百日照\._117A7926.JPG,4096,4.00 KB,image extension but header signature mismatch,2023-10-21 16:23:40
E:\328桌面\1007 百日照\._117A7932.JPG,4096,4.00 KB,image extension but header signature mismatch,2023-10-21 16:23:40
E:\328桌面\1007 百日照\._117A7891.JPG,4096,4.00 KB,image extension but header signature mismatch,2023-10-21 16:23:40
E:\328桌面\1007 百日照\._117A7846.JPG,4096,4.00 KB,image extension but header signature mismatch,2023-10-21 16:23:40
E:\328桌面\1007 百日照\._117A8022.JPG,4096,4.00 KB,image extension but header signature mismatch,2023-10-21 16:23:40
E:\328桌面\1007 百日照\._117A8036.JPG,4096,4.00 KB,image extension but header signature mismatch,2023-10-21 16:23:40
E:\328桌面\1007 百日照\._117A7821.JPG,4096,4.00 KB,image extension but header signature mismatch,2023-10-21 16:23:40
E:\328桌面\1007 百日照\._117A7835.JPG,4096,4.00 KB,image extension but header signature mismatch,2023-10-21 16:23:40
E:\328桌面\1007 百日照\._117A7809.JPG,4096,4.00 KB,image extension but header signature mismatch,2023-10-21 16:23:40
E:\328桌面\1007 百日照\._117A7955.JPG,4096,4.00 KB,image extension but header signature mismatch,2023-10-21 16:23:40
E:\328桌面\1007 百日照\._117A7941.JPG,4096,4.00 KB,image extension but header signature mismatch,2023-10-21 16:23:40
E:\328桌面\1007 百日照\._117A7982.JPG,4096,4.00 KB,image extension but header signature mismatch,2023-10-21 16:23:40
E:\328桌面\1007 百日照\._117A7968.JPG,4096,4.00 KB,image extension but header signature mismatch,2023-10-21 16:23:40
E:\328桌面\1007 百日照\._117A7798.JPG,4096,4.00 KB,image extension but header signature mismatch,2023-10-21 16:23:40
E:\328桌面\1007 百日照\._117A7940.JPG,4096,4.00 KB,image extension but header signature mismatch,2023-10-21 16:23:40
E:\328桌面\1007 百日照\._IMG_2311.JPG,4096,4.00 KB,image extension but header signature mismatch,2023-10-21 16:23:40
E:\328桌面\1007 百日照\._117A7770.JPG,4096,4.00 KB,image extension but header signature mismatch,2023-10-21 16:23:40
E:\328桌面\1007 百日照\._117A7957.JPG,4096,4.00 KB,image extension but header signature mismatch,2023-10-21 16:23:40
E:\328桌面\1007 百日照\._IMG_2312.JPG,4096,4.00 KB,image extension but header signature mismatch,2023-10-21 16:23:40
E:\328桌面\1007 百日照\._117A7991 2.JPG,4096,4.00 KB,image extension but header signature mismatch,2023-10-21 16:23:40
E:\328桌面\1007 百日照\._117A7827.JPG,4096,4.00 KB,image extension but header signature mismatch,2023-10-21 16:23:40
E:\328桌面\1007 百日照\._117A7953.JPG,4096,4.00 KB,image extension but header signature mismatch,2023-10-21 16:23:40
E:\328桌面\1007 百日照\._117A7774.JPG,4096,4.00 KB,image extension but header signature mismatch,2023-10-21 16:23:40
E:\328桌面\1007 百日照\._117A7990.JPG,4096,4.00 KB,image extension but header signature mismatch,2023-10-21 16:23:40
E:\328桌面\1007 百日照\._117A7991.JPG,4096,4.00 KB,image extension but header signature mismatch,2023-10-21 16:23:40
E:\328桌面\1007 百日照\._117A7952.JPG,4096,4.00 KB,image extension but header signature mismatch,2023-10-21 16:23:40
E:\328桌面\1007 百日照\._117A7818.JPG,4096,4.00 KB,image extension but header signature mismatch,2023-10-21 16:23:40
E:\328桌面\1007 百日照\._117A7978.JPG,4096,4.00 KB,image extension but header signature mismatch,2023-10-21 16:23:40
E:\328桌面\1007 百日照\._117A7763.JPG,4096,4.00 KB,image extension but header signature mismatch,2023-10-21 16:23:40
E:\328桌面\1007 百日照\._117A7987.JPG,4096,4.00 KB,image extension but header signature mismatch,2023-10-21 16:23:40
E:\328桌面\1007 百日照\._117A7945.JPG,4096,4.00 KB,image extension but header signature mismatch,2023-10-21 16:23:40
E:\328桌面\1007 百日照\._117A7979.JPG,4096,4.00 KB,image extension but header signature mismatch,2023-10-21 16:23:41
E:\328桌面\1007 百日照\._117A7912 2.JPG,4096,4.00 KB,image extension but header signature mismatch,2023-10-21 16:23:41
E:\328桌面\1007 百日照\._117A7825.JPG,4096,4.00 KB,image extension but header signature mismatch,2023-10-21 16:23:41
E:\328桌面\1007 百日照\._117A7819.JPG,4096,4.00 KB,image extension but header signature mismatch,2023-10-21 16:23:41
E:\328桌面\1007 百日照\._117A7800.JPG,4096,4.00 KB,image extension but header signature mismatch,2023-10-21 16:23:41
E:\328桌面\1007 百日照\._117A7974.JPG,4096,4.00 KB,image extension but header signature mismatch,2023-10-21 16:23:41
E:\328桌面\1007 百日照\._117A7960.JPG,4096,4.00 KB,image extension but header signature mismatch,2023-10-21 16:23:41
E:\328桌面\1007 百日照\._117A7948.JPG,4096,4.00 KB,image extension but header signature mismatch,2023-10-21 16:23:41
E:\328桌面\1007 百日照\._117A7790.JPG,4096,4.00 KB,image extension but header signature mismatch,2023-10-21 16:23:41
E:\328桌面\1007 百日照\._117A7784.JPG,4096,4.00 KB,image extension but header signature mismatch,2023-10-21 16:23:41
E:\328桌面\1007 百日照\._117A7785.JPG,4096,4.00 KB,image extension but header signature mismatch,2023-10-21 16:23:41
E:\328桌面\1007 百日照\._117A7949.JPG,4096,4.00 KB,image extension but header signature mismatch,2023-10-21 16:23:41
E:\328桌面\1007 百日照\._117A7961.JPG,4096,4.00 KB,image extension but header signature mismatch,2023-10-21 16:23:41
E:\328桌面\1007 百日照\._117A7975.JPG,4096,4.00 KB,image extension but header signature mismatch,2023-10-21 16:23:41
E:\328桌面\1007 百日照\._117A7815.JPG,4096,4.00 KB,image extension but header signature mismatch,2023-10-21 16:23:41
E:\328桌面\1007 百日照\._117A7787.JPG,4096,4.00 KB,image extension but header signature mismatch,2023-10-21 16:23:41
E:\328桌面\1007 百日照\._117A7793.JPG,4096,4.00 KB,image extension but header signature mismatch,2023-10-21 16:23:41
E:\328桌面\1007 百日照\._117A7778.JPG,4096,4.00 KB,image extension but header signature mismatch,2023-10-21 16:23:41
E:\328桌面\1007 百日照\._117A7988.JPG,4096,4.00 KB,image extension but header signature mismatch,2023-10-21 16:23:41
E:\328桌面\1007 百日照\._117A7989.JPG,4096,4.00 KB,image extension but header signature mismatch,2023-10-21 16:23:41
E:\328桌面\1007 百日照\._117A7779.JPG,4096,4.00 KB,image extension but header signature mismatch,2023-10-21 16:23:41
E:\328桌面\1007 百日照\._117A7962.JPG,4096,4.00 KB,image extension but header signature mismatch,2023-10-21 16:23:41
E:\328桌面\1007 百日照\._117A7816.JPG,4096,4.00 KB,image extension but header signature mismatch,2023-10-21 16:23:41
E:\328桌面\1007 百日照\._117A7812.JPG,4096,4.00 KB,image extension but header signature mismatch,2023-10-21 16:23:42
E:\328桌面\1007 百日照\._117A7966.JPG,4096,4.00 KB,image extension but header signature mismatch,2023-10-21 16:23:42
E:\328桌面\1007 百日照\._117A7769.JPG,4096,4.00 KB,image extension but header signature mismatch,2023-10-21 16:23:42
E:\328桌面\1007 百日照\._117A7797.JPG,4096,4.00 KB,image extension but header signature mismatch,2023-10-21 16:23:42
E:\328桌面\1007 百日照\._117A7807.JPG,4096,4.00 KB,image extension but header signature mismatch,2023-10-21 16:23:42
E:\328桌面\1007 百日照\._117A7813.JPG,4096,4.00 KB,image extension but header signature mismatch,2023-10-21 16:23:42
E:\328桌面\1007 百日照\._117A7959.JPG,4096,4.00 KB,image extension but header signature mismatch,2023-10-21 16:23:42
E:\328桌面\1007 百日照\._117A7971.JPG,4096,4.00 KB,image extension but header signature mismatch,2023-10-21 16:23:42
E:\328桌面\1007 百日照\._117A7780.JPG,4096,4.00 KB,image extension but header signature mismatch,2023-10-21 16:23:42
E:\328桌面\1007 百日照\._117A7958.JPG,4096,4.00 KB,image extension but header signature mismatch,2023-10-21 16:23:42
E:\328桌面\1007 百日照\._117A7838.JPG,4096,4.00 KB,image extension but header signature mismatch,2023-10-21 16:23:42
E:\328桌面\1007 百日照\._117A7863.JPG,4096,4.00 KB,image extension but header signature mismatch,2023-10-21 16:23:42
E:\328桌面\1007 百日照\._117A7877.JPG,4096,4.00 KB,image extension but header signature mismatch,2023-10-21 16:23:42
E:\328桌面\1007 百日照\._117A7948-.jpg,4096,4.00 KB,image extension but header signature mismatch,2023-10-21 16:23:43
E:\328桌面\1007 百日照\._117A7888.JPG,4096,4.00 KB,image extension but header signature mismatch,2023-10-21 16:23:43
E:\328桌面\1007 百日照\._117A7917.JPG,4096,4.00 KB,image extension but header signature mismatch,2023-10-21 16:23:43
E:\328桌面\1007 百日照\._117A7903.JPG,4096,4.00 KB,image extension but header signature mismatch,2023-10-21 16:23:43
E:\328桌面\1007 百日照\._117A7902.JPG,4096,4.00 KB,image extension but header signature mismatch,2023-10-21 16:23:43
E:\328桌面\1007 百日照\._117A7920 2.JPG,4096,4.00 KB,image extension but header signature mismatch,2023-10-21 16:23:43
E:\328桌面\1007 百日照\._117A7876.JPG,4096,4.00 KB,image extension but header signature mismatch,2023-10-21 16:23:43
E:\328桌面\1007 百日照\._117A8010.JPG,4096,4.00 KB,image extension but header signature mismatch,2023-10-21 16:23:43
E:\328桌面\1007 百日照\._117A7874.JPG,4096,4.00 KB,image extension but header signature mismatch,2023-10-21 16:23:43
E:\328桌面\1007 百日照\._117A7928.JPG,4096,4.00 KB,image extension but header signature mismatch,2023-10-21 16:23:43
E:\328桌面\1007 百日照\._117A7929.JPG,4096,4.00 KB,image extension but header signature mismatch,2023-10-21 16:23:44
E:\328桌面\1007 百日照\._117A7875.JPG,4096,4.00 KB,image extension but header signature mismatch,2023-10-21 16:23:44
E:\328桌面\1007 百日照\._117A8011.JPG,4096,4.00 KB,image extension but header signature mismatch,2023-10-21 16:23:44
E:\328桌面\1007 百日照\._117A8005.JPG,4096,4.00 KB,image extension but header signature mismatch,2023-10-21 16:23:44
E:\328桌面\1007 百日照\._117A8015.JPG,4096,4.00 KB,image extension but header signature mismatch,2023-10-21 16:23:44
E:\328桌面\1007 百日照\._117A7859.JPG,4096,4.00 KB,image extension but header signature mismatch,2023-10-21 16:23:44
E:\328桌面\1007 百日照\._117A7939.JPG,4096,4.00 KB,image extension but header signature mismatch,2023-10-21 16:23:44
E:\328桌面\1007 百日照\._117A7905.JPG,4096,4.00 KB,image extension but header signature mismatch,2023-10-21 16:23:45
E:\328桌面\1007 百日照\._117A7911.JPG,4096,4.00 KB,image extension but header signature mismatch,2023-10-21 16:23:45
E:\328桌面\1007 百日照\._117A7938.JPG,4096,4.00 KB,image extension but header signature mismatch,2023-10-21 16:23:45
E:\328桌面\1007 百日照\._117A7864.JPG,4096,4.00 KB,image extension but header signature mismatch,2023-10-21 16:23:45
E:\328桌面\1007 百日照\._117A7870.JPG,4096,4.00 KB,image extension but header signature mismatch,2023-10-21 16:23:45
E:\328桌面\1007 百日照\._117A8028.JPG,4096,4.00 KB,image extension but header signature mismatch,2023-10-21 16:23:45
E:\328桌面\1007 百日照\._117A8014.JPG,4096,4.00 KB,image extension but header signature mismatch,2023-10-21 16:23:45
E:\328桌面\1007 百日照\._117A8000.JPG,4096,4.00 KB,image extension but header signature mismatch,2023-10-21 16:23:45
E:\328桌面\1007 百日照\._117A8016.JPG,4096,4.00 KB,image extension but header signature mismatch,2023-10-21 16:23:45
E:\328桌面\1007 百日照\._117A7866.JPG,4096,4.00 KB,image extension but header signature mismatch,2023-10-21 16:23:45
E:\328桌面\1007 百日照\._117A7899.JPG,4096,4.00 KB,image extension but header signature mismatch,2023-10-21 16:23:45
E:\328桌面\1007 百日照\._117A7912.JPG,4096,4.00 KB,image extension but header signature mismatch,2023-10-21 16:23:45
E:\328桌面\1007 百日照\._117A7906.JPG,4096,4.00 KB,image extension but header signature mismatch,2023-10-21 16:23:45
E:\328桌面\1007 百日照\._117A7907.JPG,4096,4.00 KB,image extension but header signature mismatch,2023-10-21 16:23:45
E:\328桌面\1007 百日照\._117A7913.JPG,4096,4.00 KB,image extension but header signature mismatch,2023-10-21 16:23:45
E:\328桌面\1007 百日照\._117A7873.JPG,4096,4.00 KB,image extension but header signature mismatch,2023-10-21 16:23:45
E:\328桌面\1007 百日照\._117A8003.JPG,4096,4.00 KB,image extension but header signature mismatch,2023-10-21 16:23:45
E:\328桌面\1007 百日照\1007精修\._117A7923.jpg,4096,4.00 KB,image extension but header signature mismatch,2023-10-21 16:23:43
E:\328桌面\1007 百日照\1007精修\._117A7855.jpg,4096,4.00 KB,image extension but header signature mismatch,2023-10-21 16:23:43
E:\328桌面\1007 百日照\1007精修\._117A7869.jpg,4096,4.00 KB,image extension but header signature mismatch,2023-10-21 16:23:43
E:\328桌面\1007 百日照\1007精修\._117A7935.jpg,4096,4.00 KB,image extension but header signature mismatch,2023-10-21 16:23:43
E:\328桌面\1007 百日照\1007精修\._117A7878.jpg,4096,4.00 KB,image extension but header signature mismatch,2023-10-21 16:23:43
E:\328桌面\1007 百日照\1007精修\._117A7850.jpg,4096,4.00 KB,image extension but header signature mismatch,2023-10-21 16:23:43
E:\328桌面\1007 百日照\1007精修\._117A7844.jpg,4096,4.00 KB,image extension but header signature mismatch,2023-10-21 16:23:43
E:\328桌面\1007 百日照\1007精修\._117A7924.jpg,4096,4.00 KB,image extension but header signature mismatch,2023-10-21 16:23:43
E:\328桌面\1007 百日照\1007精修\._117A7925.jpg,4096,4.00 KB,image extension but header signature mismatch,2023-10-21 16:23:43
E:\328桌面\1007 百日照\1007精修\._117A7845.jpg,4096,4.00 KB,image extension but header signature mismatch,2023-10-21 16:23:43
E:\328桌面\1007 百日照\1007精修\._117A7933.jpg,4096,4.00 KB,image extension but header signature mismatch,2023-10-21 16:23:43
E:\328桌面\1007 百日照\1007精修\._117A7926.jpg,4096,4.00 KB,image extension but header signature mismatch,2023-10-21 16:23:43
E:\328桌面\1007 百日照\1007精修\._117A7891.jpg,4096,4.00 KB,image extension but header signature mismatch,2023-10-21 16:23:43
E:\328桌面\1007 百日照\1007精修\._117A7846.jpg,4096,4.00 KB,image extension but header signature mismatch,2023-10-21 16:23:43
E:\328桌面\1007 百日照\1007精修\._117A7941.jpg,4096,4.00 KB,image extension but header signature mismatch,2023-10-21 16:23:43
E:\328桌面\1007 百日照\1007精修\._117A7968.jpg,4096,4.00 KB,image extension but header signature mismatch,2023-10-21 16:23:43
E:\328桌面\1007 百日照\1007精修\._117A7798.jpg,4096,4.00 KB,image extension but header signature mismatch,2023-10-21 16:23:43
E:\328桌面\1007 百日照\1007精修\._117A7770.jpg,4096,4.00 KB,image extension but header signature mismatch,2023-10-21 16:23:43
E:\328桌面\1007 百日照\1007精修\._117A7957.jpg,4096,4.00 KB,image extension but header signature mismatch,2023-10-21 16:23:43
E:\328桌面\1007 百日照\1007精修\._IMG_2312.jpg,4096,4.00 KB,image extension but header signature mismatch,2023-10-21 16:23:43
E:\328桌面\1007 百日照\1007精修\._117A7991 2.jpg,4096,4.00 KB,image extension but header signature mismatch,2023-10-21 16:23:43
E:\328桌面\1007 百日照\1007精修\._117A7827.jpg,4096,4.00 KB,image extension but header signature mismatch,2023-10-21 16:23:43
E:\328桌面\1007 百日照\1007精修\._117A7763.jpg,4096,4.00 KB,image extension but header signature mismatch,2023-10-21 16:23:43
E:\328桌面\1007 百日照\1007精修\._117A7987.jpg,4096,4.00 KB,image extension but header signature mismatch,2023-10-21 16:23:43
E:\328桌面\1007 百日照\1007精修\._117A7979.jpg,4096,4.00 KB,image extension but header signature mismatch,2023-10-21 16:23:43
E:\328桌面\1007 百日照\1007精修\._117A7974.jpg,4096,4.00 KB,image extension but header signature mismatch,2023-10-21 16:23:43
E:\328桌面\1007 百日照\1007精修\._117A7960.jpg,4096,4.00 KB,image extension but header signature mismatch,2023-10-21 16:23:43
E:\328桌面\1007 百日照\1007精修\._117A7948.jpg,4096,4.00 KB,image extension but header signature mismatch,2023-10-21 16:23:44
E:\328桌面\1007 百日照\1007精修\._117A7790.jpg,4096,4.00 KB,image extension but header signature mismatch,2023-10-21 16:23:44
E:\328桌面\1007 百日照\1007精修\._117A7784.jpg,4096,4.00 KB,image extension but header signature mismatch,2023-10-21 16:23:44
E:\328桌面\1007 百日照\1007精修\._117A7785.jpg,4096,4.00 KB,image extension but header signature mismatch,2023-10-21 16:23:44
E:\328桌面\1007 百日照\1007精修\._117A7961.jpg,4096,4.00 KB,image extension but header signature mismatch,2023-10-21 16:23:44
E:\328桌面\1007 百日照\1007精修\._117A7793.jpg,4096,4.00 KB,image extension but header signature mismatch,2023-10-21 16:23:44
E:\328桌面\1007 百日照\1007精修\._117A7962.jpg,4096,4.00 KB,image extension but header signature mismatch,2023-10-21 16:23:44
E:\328桌面\1007 百日照\1007精修\._117A7816.jpg,4096,4.00 KB,image extension but header signature mismatch,2023-10-21 16:23:44
E:\328桌面\1007 百日照\1007精修\._117A7966.jpg,4096,4.00 KB,image extension but header signature mismatch,2023-10-21 16:23:44
E:\328桌面\1007 百日照\1007精修\._117A7769.jpg,4096,4.00 KB,image extension but header signature mismatch,2023-10-21 16:23:44
E:\328桌面\1007 百日照\1007精修\._117A7797.jpg,4096,4.00 KB,image extension but header signature mismatch,2023-10-21 16:23:44
E:\328桌面\1007 百日照\1007精修\._117A7807.jpg,4096,4.00 KB,image extension but header signature mismatch,2023-10-21 16:23:44
E:\328桌面\1007 百日照\1007精修\._117A7959.jpg,4096,4.00 KB,image extension but header signature mismatch,2023-10-21 16:23:44
E:\328桌面\1007 百日照\1007精修\._117A7971.jpg,4096,4.00 KB,image extension but header signature mismatch,2023-10-21 16:23:44
E:\328桌面\1007 百日照\1007精修\._117A7780.jpg,4096,4.00 KB,image extension but header signature mismatch,2023-10-21 16:23:44
E:\328桌面\1007 百日照\1007精修\._117A7958.jpg,4096,4.00 KB,image extension but header signature mismatch,2023-10-21 16:23:44
E:\328桌面\1007 百日照\1007精修\._117A7838.jpg,4096,4.00 KB,image extension but header signature mismatch,2023-10-21 16:23:44
E:\328桌面\1007 百日照\1007精修\._117A7948-.jpg,4096,4.00 KB,image extension but header signature mismatch,2023-10-21 16:23:44
E:\328桌面\1007 百日照\1007精修\._117A7888.jpg,4096,4.00 KB,image extension but header signature mismatch,2023-10-21 16:23:44
E:\328桌面\1007 百日照\1007精修\._117A7917.jpg,4096,4.00 KB,image extension but header signature mismatch,2023-10-21 16:23:44
E:\328桌面\1007 百日照\1007精修\._117A7903.jpg,4096,4.00 KB,image extension but header signature mismatch,2023-10-21 16:23:44
E:\328桌面\1007 百日照\1007精修\._117A7874.jpg,4096,4.00 KB,image extension but header signature mismatch,2023-10-21 16:23:44
E:\328桌面\1007 百日照\1007精修\._117A7928.jpg,4096,4.00 KB,image extension but header signature mismatch,2023-10-21 16:23:44
E:\328桌面\1007 百日照\1007精修\._117A7929.jpg,4096,4.00 KB,image extension but header signature mismatch,2023-10-21 16:23:44
E:\328桌面\1007 百日照\1007精修\._117A8011.jpg,4096,4.00 KB,image extension but header signature mismatch,2023-10-21 16:23:44
E:\328桌面\1007 百日照\1007精修\._117A7859.jpg,4096,4.00 KB,image extension but header signature mismatch,2023-10-21 16:23:44
E:\328桌面\1007 百日照\1007精修\._117A7939.jpg,4096,4.00 KB,image extension but header signature mismatch,2023-10-21 16:23:44
E:\328桌面\1007 百日照\1007精修\._117A7911.jpg,4096,4.00 KB,image extension but header signature mismatch,2023-10-21 16:23:44
E:\328桌面\1007 百日照\1007精修\._117A7864.jpg,4096,4.00 KB,image extension but header signature mismatch,2023-10-21 16:23:44
E:\328桌面\1007 百日照\1007精修\._117A8028.jpg,4096,4.00 KB,image extension but header signature mismatch,2023-10-21 16:23:44
E:\328桌面\1007 百日照\1007精修\._117A8000.jpg,4096,4.00 KB,image extension but header signature mismatch,2023-10-21 16:23:44
E:\328桌面\1007 百日照\1007精修\._117A7866.jpg,4096,4.00 KB,image extension but header signature mismatch,2023-10-21 16:23:44
E:\328桌面\1007 百日照\1007精修\._117A7912.jpg,4096,4.00 KB,image extension but header signature mismatch,2023-10-21 16:23:44
E:\328桌面\1007 百日照\1007精修\._117A7873.jpg,4096,4.00 KB,image extension but header signature mismatch,2023-10-21 16:23:44
E:\328桌面\1007 百日照\1007精修\加文字\._117A7962.jpg,4096,4.00 KB,image extension but header signature mismatch,2023-10-21 16:23:43
E:\328桌面\1007 百日照\1007精修\加文字\._117A7816.jpg,4096,4.00 KB,image extension but header signature mismatch,2023-10-21 16:23:43
E:\328桌面\叶婷平面作品集2022\近期临摹与设计\._流体渐变-09.jpg,4096,4.00 KB,image extension but header signature mismatch,2023-10-21 16:23:45
E:\328桌面\叶婷平面作品集2022\近期临摹与设计\._流体渐变-08.jpg,4096,4.00 KB,image extension but header signature mismatch,2023-10-21 16:23:45
E:\328桌面\叶婷平面作品集2022\近期临摹与设计\._金融APP交互动效.gif,4096,4.00 KB,image extension but header signature mismatch,2023-10-21 16:23:45
E:\328桌面\叶婷平面作品集2022\近期临摹与设计\._流体渐变-06.jpg,4096,4.00 KB,image extension but header signature mismatch,2023-10-21 16:23:45
E:\328桌面\叶婷平面作品集2022\近期临摹与设计\._C4D-作品-1.jpg,4096,4.00 KB,image extension but header signature mismatch,2023-10-21 16:23:45
E:\328桌面\叶婷平面作品集2022\近期临摹与设计\._流体渐变-07.jpg,4096,4.00 KB,image extension but header signature mismatch,2023-10-21 16:23:46
E:\328桌面\叶婷平面作品集2022\近期临摹与设计\._流体渐变-05.jpg,4096,4.00 KB,image extension but header signature mismatch,2023-10-21 16:23:46
E:\328桌面\叶婷平面作品集2022\近期临摹与设计\._流体渐变-10.jpg,4096,4.00 KB,image extension but header signature mismatch,2023-10-21 16:23:46
E:\328桌面\叶婷平面作品集2022\近期临摹与设计\._流体渐变-04.jpg,4096,4.00 KB,image extension but header signature mismatch,2023-10-21 16:23:46
E:\328桌面\叶婷平面作品集2022\近期临摹与设计\._流体渐变-01.jpg,4096,4.00 KB,image extension but header signature mismatch,2023-10-21 16:23:46
E:\328桌面\叶婷平面作品集2022\近期临摹与设计\._流体渐变-03.jpg,4096,4.00 KB,image extension but header signature mismatch,2023-10-21 16:23:46
E:\328桌面\叶婷平面作品集2022\近期临摹与设计\._流体渐变-02.jpg,4096,4.00 KB,image extension but header signature mismatch,2023-10-21 16:23:46
E:\328桌面\叶婷平面作品集2022\UI设计\._拓途微信公众号重新设计-NEW-02.jpg,4096,4.00 KB,image extension but header signature mismatch,2023-10-21 16:23:46
E:\328桌面\叶婷平面作品集2022\UI设计\._UI-手机效果图--.jpg,4096,4.00 KB,image extension but header signature mismatch,2023-10-21 16:23:46
E:\328桌面\叶婷平面作品集2022\UI设计\._拓途微信公众号重新设计-NEW-03.jpg,4096,4.00 KB,image extension but header signature mismatch,2023-10-21 16:23:46
E:\328桌面\叶婷平面作品集2022\UI设计\._拓途微信公众号重新设计-NEW-04.jpg,4096,4.00 KB,image extension but header signature mismatch,2023-10-21 16:23:46
E:\328桌面\叶婷平面作品集2022\UI设计\._拓途微信公众号重新设计-NEW-05.jpg,4096,4.00 KB,image extension but header signature mismatch,2023-10-21 16:23:46
E:\328桌面\叶婷平面作品集2022\UI设计\._拓途微信公众号重新设计-NEW-07.jpg,4096,4.00 KB,image extension but header signature mismatch,2023-10-21 16:23:46
E:\328桌面\叶婷平面作品集2022\UI设计\._拓途微信公众号重新设计-NEW-06.jpg,4096,4.00 KB,image extension but header signature mismatch,2023-10-21 16:23:46
E:\328桌面\叶婷平面作品集2022\UI设计\._拓途微信公众号重新设计-NEW-08.jpg,4096,4.00 KB,image extension but header signature mismatch,2023-10-21 16:23:46
E:\328桌面\叶婷平面作品集2022\Catalogues-画册折页设计\美隆堡招商画册JPG\._招商手册0921 (嵌入图片）-03.jpg,4096,4.00 KB,image extension but header signature mismatch,2023-10-21 16:23:46
E:\328桌面\叶婷平面作品集2022\Catalogues-画册折页设计\美隆堡招商画册JPG\._招商手册0921 (嵌入图片）-02.jpg,4096,4.00 KB,image extension but header signature mismatch,2023-10-21 16:23:46
E:\328桌面\叶婷平面作品集2022\Catalogues-画册折页设计\美隆堡招商画册JPG\._招商手册0921 (嵌入图片）-01.jpg,4096,4.00 KB,image extension but header signature mismatch,2023-10-21 16:23:46
E:\328桌面\叶婷平面作品集2022\Catalogues-画册折页设计\美隆堡招商画册JPG\._招商手册0921 (嵌入图片）-11.jpg,4096,4.00 KB,image extension but header signature mismatch,2023-10-21 16:23:46
E:\328桌面\叶婷平面作品集2022\Catalogues-画册折页设计\美隆堡招商画册JPG\._招商手册0921 (嵌入图片）-05.jpg,4096,4.00 KB,image extension but header signature mismatch,2023-10-21 16:23:46
E:\328桌面\叶婷平面作品集2022\Catalogues-画册折页设计\美隆堡招商画册JPG\._招商手册0921 (嵌入图片）-04.jpg,4096,4.00 KB,image extension but header signature mismatch,2023-10-21 16:23:46
E:\328桌面\叶婷平面作品集2022\Catalogues-画册折页设计\美隆堡招商画册JPG\._招商手册0921 (嵌入图片）-10.jpg,4096,4.00 KB,image extension but header signature mismatch,2023-10-21 16:23:46
E:\328桌面\叶婷平面作品集2022\Catalogues-画册折页设计\美隆堡招商画册JPG\._招商手册0921 (嵌入图片）-06.jpg,4096,4.00 KB,image extension but header signature mismatch,2023-10-21 16:23:46
E:\328桌面\叶婷平面作品集2022\Catalogues-画册折页设计\美隆堡招商画册JPG\._招商手册0921 (嵌入图片）-07.jpg,4096,4.00 KB,image extension but header signature mismatch,2023-10-21 16:23:46
E:\328桌面\叶婷平面作品集2022\Catalogues-画册折页设计\美隆堡招商画册JPG\._招商手册0921 (嵌入图片）-09.jpg,4096,4.00 KB,image extension but header signature mismatch,2023-10-21 16:23:46
E:\328桌面\叶婷平面作品集2022\Catalogues-画册折页设计\美隆堡招商画册JPG\._招商手册0921 (嵌入图片）-08.jpg,4096,4.00 KB,image extension but header signature mismatch,2023-10-21 16:23:46
E:\328桌面\叶婷平面作品集2022\Catalogues-画册折页设计\商超产品画册\._商超产品册-6.jpg,4096,4.00 KB,image extension but header signature mismatch,2023-10-21 16:23:46
E:\328桌面\叶婷平面作品集2022\Catalogues-画册折页设计\商超产品画册\._商超产品册-7.jpg,4096,4.00 KB,image extension but header signature mismatch,2023-10-21 16:23:46
E:\328桌面\叶婷平面作品集2022\Catalogues-画册折页设计\商超产品画册\._商超产品册-5.jpg,4096,4.00 KB,image extension but header signature mismatch,2023-10-21 16:23:46
E:\328桌面\叶婷平面作品集2022\Catalogues-画册折页设计\商超产品画册\._商超产品册-4.jpg,4096,4.00 KB,image extension but header signature mismatch,2023-10-21 16:23:46
E:\328桌面\叶婷平面作品集2022\Catalogues-画册折页设计\商超产品画册\._商超产品册-1.jpg,4096,4.00 KB,image extension but header signature mismatch,2023-10-21 16:23:46
E:\328桌面\叶婷平面作品集2022\Catalogues-画册折页设计\商超产品画册\._商超产品册-3.jpg,4096,4.00 KB,image extension but header signature mismatch,2023-10-21 16:23:46
E:\328桌面\叶婷平面作品集2022\Catalogues-画册折页设计\商超产品画册\._商超产品册-2.jpg,4096,4.00 KB,image extension but header signature mismatch,2023-10-21 16:23:46
E:\328桌面\叶婷平面作品集2022\Catalogues-画册折页设计\Twin德国展折页\._Twin-DM-转曲-02.jpg,4096,4.00 KB,image extension but header signature mismatch,2023-10-21 16:23:46
E:\328桌面\叶婷平面作品集2022\Catalogues-画册折页设计\Twin德国展折页\._Twin-DM-转曲-01.jpg,4096,4.00 KB,image extension but header signature mismatch,2023-10-21 16:23:46
E:\328桌面\叶婷平面作品集2022\Catalogues-画册折页设计\洗碗机折页\._Utensil Washer--.jpg,4096,4.00 KB,image extension but header signature mismatch,2023-10-21 16:23:46
E:\328桌面\叶婷平面作品集2022\Catalogues-画册折页设计\洗碗机折页\._Utensil Washer-.jpg,4096,4.00 KB,image extension but header signature mismatch,2023-10-21 16:23:46
E:\328桌面\叶婷平面作品集2022\电商设计\._连衣裙-3-668.jpg,4096,4.00 KB,image extension but header signature mismatch,2023-10-21 16:23:46
E:\328桌面\叶婷平面作品集2022\电商设计\._推款-1-6.3.jpg,4096,4.00 KB,image extension but header signature mismatch,2023-10-21 16:23:46
E:\328桌面\叶婷平面作品集2022\电商设计\._连衣裙-2-668.jpg,4096,4.00 KB,image extension but header signature mismatch,2023-10-21 16:23:46
E:\328桌面\叶婷平面作品集2022\电商设计\._Banner-6.18.jpg,4096,4.00 KB,image extension but header signature mismatch,2023-10-21 16:23:46
E:\328桌面\叶婷平面作品集2022\电商设计\._连衣裙-668.jpg,4096,4.00 KB,image extension but header signature mismatch,2023-10-21 16:23:46
E:\328桌面\叶婷平面作品集2022\电商设计\._推款-3.jpg,4096,4.00 KB,image extension but header signature mismatch,2023-10-21 16:23:46
E:\328桌面\叶婷平面作品集2022\电商设计\._推款-6.3-.jpg,4096,4.00 KB,image extension but header signature mismatch,2023-10-21 16:23:46
E:\328桌面\叶婷平面作品集2022\电商设计\._首页推款.jpg,4096,4.00 KB,image extension but header signature mismatch,2023-10-21 16:23:46
E:\328桌面\叶婷平面作品集2022\电商设计\._Banner-22--.jpg,4096,4.00 KB,image extension but header signature mismatch,2023-10-21 16:23:46
E:\328桌面\叶婷平面作品集2022\Website graphic design 网站平面设计\快速烤箱网站设计\._www.atoll speed.com-定稿方案.jpg,4096,4.00 KB,image extension but header signature mismatch,2023-10-21 16:23:46
E:\328桌面\叶婷平面作品集2022\Website graphic design 网站平面设计\快速烤箱网站设计\._www.kolbcn.com候选方案.jpg,4096,4.00 KB,image extension but header signature mismatch,2023-10-21 16:23:46
E:\328桌面\叶婷平面作品集2022\Website graphic design 网站平面设计\快速烤箱网站设计\._www.atoll speed.com首页设计---英文.jpg,4096,4.00 KB,image extension but header signature mismatch,2023-10-21 16:23:46
E:\328桌面\叶婷平面作品集2022\Website graphic design 网站平面设计\快速烤箱网站设计\._www.kolbcn.com-定稿方案.jpg,4096,4.00 KB,image extension but header signature mismatch,2023-10-21 16:23:46
E:\328桌面\叶婷平面作品集2022\Website graphic design 网站平面设计\欧铂尼金属门窗官网设计\._产品中心列表.png,4096,4.00 KB,image extension but header signature mismatch,2023-10-21 16:23:46
E:\328桌面\叶婷平面作品集2022\Website graphic design 网站平面设计\欧铂尼金属门窗官网设计\._关于我们.png,4096,4.00 KB,image extension but header signature mismatch,2023-10-21 16:23:46
E:\328桌面\叶婷平面作品集2022\Website graphic design 网站平面设计\欧铂尼金属门窗官网设计\._产品中心.png,4096,4.00 KB,image extension but header signature mismatch,2023-10-21 16:23:47
E:\328桌面\叶婷平面作品集2022\Website graphic design 网站平面设计\欧铂尼金属门窗官网设计\._招商加盟.png,4096,4.00 KB,image extension but header signature mismatch,2023-10-21 16:23:47
E:\328桌面\叶婷平面作品集2022\Website graphic design 网站平面设计\欧铂尼金属门窗官网设计\._新闻中心.png,4096,4.00 KB,image extension but header signature mismatch,2023-10-21 16:23:47
E:\328桌面\叶婷平面作品集2022\Website graphic design 网站平面设计\欧铂尼金属门窗官网设计\._官网首页.png,4096,4.00 KB,image extension but header signature mismatch,2023-10-21 16:23:47
E:\328桌面\叶婷平面作品集2022\Website graphic design 网站平面设计\欧铂尼金属门窗官网设计\._联系我们.png,4096,4.00 KB,image extension but header signature mismatch,2023-10-21 16:23:47
E:\328桌面\叶婷平面作品集2022\ADS & other design海报及其他单页\._3-焦点图.jpg,4096,4.00 KB,image extension but header signature mismatch,2023-10-21 16:23:47
E:\328桌面\叶婷平面作品集2022\ADS & other design海报及其他单页\._1-flyer.jpg,4096,4.00 KB,image extension but header signature mismatch,2023-10-21 16:23:47
E:\328桌面\叶婷平面作品集2022\ADS & other design海报及其他单页\._3-优加活动-绿色版-单面印128g铜版纸.jpg,4096,4.00 KB,image extension but header signature mismatch,2023-10-21 16:23:47
E:\328桌面\叶婷平面作品集2022\ADS & other design海报及其他单页\._3-走廊产品海报.jpg,4096,4.00 KB,image extension but header signature mismatch,2023-10-21 16:23:47
E:\328桌面\叶婷平面作品集2022\ADS & other design海报及其他单页\._2-第十届社区艺术节-.jpg,4096,4.00 KB,image extension but header signature mismatch,2023-10-21 16:23:47
E:\328桌面\叶婷平面作品集2022\ADS & other design海报及其他单页\._3-X6-BANNER.jpg,4096,4.00 KB,image extension but header signature mismatch,2023-10-21 16:23:47
E:\328桌面\叶婷平面作品集2022\ADS & other design海报及其他单页\._3-首页焦点图-更新2016.jpg,4096,4.00 KB,image extension but header signature mismatch,2023-10-21 16:23:47
E:\328桌面\叶婷平面作品集2022\ADS & other design海报及其他单页\._3-微信图片.jpg,4096,4.00 KB,image extension but header signature mismatch,2023-10-21 16:23:47
E:\328桌面\叶婷平面作品集2022\ADS & other design海报及其他单页\._3-微信图片2.jpg,4096,4.00 KB,image extension but header signature mismatch,2023-10-21 16:23:47
E:\328桌面\叶婷平面作品集2022\ADS & other design海报及其他单页\._3-微信微博宣传.jpg,4096,4.00 KB,image extension but header signature mismatch,2023-10-21 16:23:47
E:\328桌面\叶婷平面作品集2022\ADS & other design海报及其他单页\._1-Atoll speed-ads.jpg,4096,4.00 KB,image extension but header signature mismatch,2023-10-21 16:23:47
E:\328桌面\叶婷平面作品集2022\ADS & other design海报及其他单页\._2-翼校通.jpg,4096,4.00 KB,image extension but header signature mismatch,2023-10-21 16:23:47
E:\328桌面\叶婷平面作品集2022\包装设计\._MH415 _效果图.jpg,4096,4.00 KB,image extension but header signature mismatch,2023-10-21 16:23:47
E:\328桌面\叶婷平面作品集2022\包装设计\._包装展开图-2.jpg,4096,4.00 KB,image extension but header signature mismatch,2023-10-21 16:23:47
E:\328桌面\叶婷平面作品集2022\包装设计\._包装-4.jpg,4096,4.00 KB,image extension but header signature mismatch,2023-10-21 16:23:47
E:\328桌面\叶婷平面作品集2022\包装设计\._展开图.jpg,4096,4.00 KB,image extension but header signature mismatch,2023-10-21 16:23:47
E:\328桌面\叶婷平面作品集2022\包装设计\._包装-2.jpg,4096,4.00 KB,image extension but header signature mismatch,2023-10-21 16:23:47
E:\328桌面\叶婷平面作品集2022\包装设计\._包装-3.jpg,4096,4.00 KB,image extension but header signature mismatch,2023-10-21 16:23:47
E:\328桌面\叶婷平面作品集2022\包装设计\._包装-1.jpg,4096,4.00 KB,image extension but header signature mismatch,2023-10-21 16:23:47
E:\328桌面\叶婷平面作品集2022\C4D\._2017 -C4D[转换].jpg,4096,4.00 KB,image extension but header signature mismatch,2023-10-21 16:23:47
E:\328桌面\叶婷平面作品集2022\C4D\._lori -C4D.jpg,4096,4.00 KB,image extension but header signature mismatch,2023-10-21 16:23:47
E:\328桌面\叶婷平面作品集2022\C4D\._C4D-作品-1.jpg,4096,4.00 KB,image extension but header signature mismatch,2023-10-21 16:23:47
E:\328桌面\叶婷平面作品集2022\C4D\._C4D-3.jpg,4096,4.00 KB,image extension but header signature mismatch,2023-10-21 16:23:47
E:\328桌面\叶婷平面作品集2022\C4D\._C4D-2.jpg,4096,4.00 KB,image extension but header signature mismatch,2023-10-21 16:23:47
E:\328桌面\叶婷平面作品集2022\字体设计\._字体设计-08.jpg,4096,4.00 KB,image extension but header signature mismatch,2023-10-21 16:23:47
E:\328桌面\叶婷平面作品集2022\字体设计\._字体设计-09.jpg,4096,4.00 KB,image extension but header signature mismatch,2023-10-21 16:23:47
E:\328桌面\叶婷平面作品集2022\字体设计\._字体设计-02.jpg,4096,4.00 KB,image extension but header signature mismatch,2023-10-21 16:23:47
E:\328桌面\叶婷平面作品集2022\字体设计\._字体设计-03.jpg,4096,4.00 KB,image extension but header signature mismatch,2023-10-21 16:23:47
E:\328桌面\叶婷平面作品集2022\字体设计\._字体设计-01.jpg,4096,4.00 KB,image extension but header signature mismatch,2023-10-21 16:23:47
E:\328桌面\叶婷平面作品集2022\字体设计\._字体设计-10.jpg,4096,4.00 KB,image extension but header signature mismatch,2023-10-21 16:23:47
E:\328桌面\叶婷平面作品集2022\字体设计\._字体设计-04.jpg,4096,4.00 KB,image extension but header signature mismatch,2023-10-21 16:23:47
E:\328桌面\叶婷平面作品集2022\字体设计\._字体设计-05.jpg,4096,4.00 KB,image extension but header signature mismatch,2023-10-21 16:23:47
E:\328桌面\叶婷平面作品集2022\字体设计\._字体设计-07.jpg,4096,4.00 KB,image extension but header signature mismatch,2023-10-21 16:23:47
E:\328桌面\叶婷平面作品集2022\字体设计\._字体设计-06.jpg,4096,4.00 KB,image extension but header signature mismatch,2023-10-21 16:23:47
E:\328桌面\叶婷平面作品集2022\字体设计\._字体设计11jpg.jpg,4096,4.00 KB,image extension but header signature mismatch,2023-10-21 16:23:47
E:\328桌面\叶婷平面作品集2022\Logo设计\._logo设计.jpg,4096,4.00 KB,image extension but header signature mismatch,2023-10-21 16:23:47
E:\328桌面\叶婷平面作品集2022\Logo设计\._logo设计-08.jpg,4096,4.00 KB,image extension but header signature mismatch,2023-10-21 16:23:47
E:\328桌面\叶婷平面作品集2022\Logo设计\._logo设计-05.jpg,4096,4.00 KB,image extension but header signature mismatch,2023-10-21 16:23:47
E:\328桌面\叶婷平面作品集2022\Logo设计\._logo设计-04.jpg,4096,4.00 KB,image extension but header signature mismatch,2023-10-21 16:23:47
E:\328桌面\叶婷平面作品集2022\Logo设计\._忆童时光logo.jpg,4096,4.00 KB,image extension but header signature mismatch,2023-10-21 16:23:47
E:\328桌面\叶婷平面作品集2022\Logo设计\._logo设计-06.jpg,4096,4.00 KB,image extension but header signature mismatch,2023-10-21 16:23:47
E:\328桌面\叶婷平面作品集2022\Logo设计\._logo设计-07.jpg,4096,4.00 KB,image extension but header signature mismatch,2023-10-21 16:23:47
E:\328桌面\叶婷平面作品集2022\Logo设计\._logo设计-03.jpg,4096,4.00 KB,image extension but header signature mismatch,2023-10-21 16:23:47
E:\328桌面\叶婷平面作品集2022\Logo设计\._logo设计-02.jpg,4096,4.00 KB,image extension but header signature mismatch,2023-10-21 16:23:47
E:\328桌面\叶婷平面作品集2022\Logo设计\._logo设计-01.jpg,4096,4.00 KB,image extension but header signature mismatch,2023-10-21 16:23:47
E:\328桌面\精修\1\._117A8635.JPG,4096,4.00 KB,image extension but header signature mismatch,2023-10-21 16:23:48
E:\328桌面\精修\1\._117A8796.JPG,4096,4.00 KB,image extension but header signature mismatch,2023-10-21 16:23:48
E:\328桌面\精修\1\._117A8811.JPG,4096,4.00 KB,image extension but header signature mismatch,2023-10-21 16:23:48
E:\328桌面\精修\1\._117A8756.JPG,4096,4.00 KB,image extension but header signature mismatch,2023-10-21 16:23:48
E:\328桌面\精修\1\._117A8817.JPG,4096,4.00 KB,image extension but header signature mismatch,2023-10-21 16:23:48
E:\328桌面\精修\1\._117A8656.JPG,4096,4.00 KB,image extension but header signature mismatch,2023-10-21 16:23:49
E:\328桌面\精修\1\._117A8866.JPG,4096,4.00 KB,image extension but header signature mismatch,2023-10-21 16:23:49
E:\328桌面\精修\1\._IMG_7537.JPG,4096,4.00 KB,image extension but header signature mismatch,2023-10-21 16:23:49
E:\328桌面\精修\1\._117A8849.JPG,4096,4.00 KB,image extension but header signature mismatch,2023-10-21 16:23:49
E:\328桌面\精修\1\._117A8716.JPG,4096,4.00 KB,image extension but header signature mismatch,2023-10-21 16:23:49
E:\328桌面\精修\1\._117A8845.JPG,4096,4.00 KB,image extension but header signature mismatch,2023-10-21 16:23:49
E:\328桌面\精修\1\._117A8879.JPG,4096,4.00 KB,image extension but header signature mismatch,2023-10-21 16:23:49
E:\328桌面\精修\1\._117A8670.JPG,4096,4.00 KB,image extension but header signature mismatch,2023-10-21 16:23:49
E:\328桌面\精修\1\._117A8826.JPG,4096,4.00 KB,image extension but header signature mismatch,2023-10-21 16:23:49
E:\328桌面\精修\1\._117A8825.JPG,4096,4.00 KB,image extension but header signature mismatch,2023-10-21 16:23:49
E:\328桌面\精修\1\._117A8763.JPG,4096,4.00 KB,image extension but header signature mismatch,2023-10-21 16:23:49
E:\328桌面\精修\1\62\._117A8635.jpg,4096,4.00 KB,image extension but header signature mismatch,2023-10-21 16:23:49
E:\328桌面\精修\4\._117A9489.JPG,4096,4.00 KB,image extension but header signature mismatch,2023-10-21 16:23:49
E:\328桌面\精修\4\._117A9515.JPG,4096,4.00 KB,image extension but header signature mismatch,2023-10-21 16:23:49
E:\328桌面\精修\4\._117A9666.JPG,4096,4.00 KB,image extension but header signature mismatch,2023-10-21 16:23:49
E:\328桌面\精修\4\._117A9539.JPG,4096,4.00 KB,image extension but header signature mismatch,2023-10-21 16:23:49
E:\328桌面\精修\4\._117A9673.JPG,4096,4.00 KB,image extension but header signature mismatch,2023-10-21 16:23:49
E:\328桌面\精修\4\._117A9548.JPG,4096,4.00 KB,image extension but header signature mismatch,2023-10-21 16:23:49
E:\328桌面\精修\4\._117A9372.JPG,4096,4.00 KB,image extension but header signature mismatch,2023-10-21 16:23:49
E:\328桌面\精修\4\._117A9413.JPG,4096,4.00 KB,image extension but header signature mismatch,2023-10-21 16:23:49
E:\328桌面\精修\4\._117A9376.JPG,4096,4.00 KB,image extension but header signature mismatch,2023-10-21 16:23:49
E:\328桌面\精修\4\._117A9377.JPG,4096,4.00 KB,image extension but header signature mismatch,2023-10-21 16:23:49
E:\328桌面\精修\4\._117A9596.JPG,4096,4.00 KB,image extension but header signature mismatch,2023-10-21 16:23:49
E:\328桌面\精修\4\._117A9797.JPG,4096,4.00 KB,image extension but header signature mismatch,2023-10-21 16:23:49
E:\328桌面\精修\4\._117A9634.JPG,4096,4.00 KB,image extension but header signature mismatch,2023-10-21 16:23:49
E:\328桌面\精修\4\._117A9745.JPG,4096,4.00 KB,image extension but header signature mismatch,2023-10-21 16:23:49
E:\328桌面\精修\4\._117A9380.JPG,4096,4.00 KB,image extension but header signature mismatch,2023-10-21 16:23:49
E:\328桌面\精修\4\._117A9550.JPG,4096,4.00 KB,image extension but header signature mismatch,2023-10-21 16:23:49
E:\328桌面\精修\3\._117A9139.JPG,4096,4.00 KB,image extension but header signature mismatch,2023-10-21 16:23:49
E:\328桌面\精修\3\._117A9312.JPG,4096,4.00 KB,image extension but header signature mismatch,2023-10-21 16:23:49
E:\328桌面\精修\3\._117A9277.JPG,4096,4.00 KB,image extension but header signature mismatch,2023-10-21 16:23:49
E:\328桌面\精修\3\._117A9171.JPG,4096,4.00 KB,image extension but header signature mismatch,2023-10-21 16:23:49
E:\328桌面\精修\3\._117A9201.JPG,4096,4.00 KB,image extension but header signature mismatch,2023-10-21 16:23:49
E:\328桌面\精修\3\._117A9148.JPG,4096,4.00 KB,image extension but header signature mismatch,2023-10-21 16:23:49
E:\328桌面\精修\3\._117A9353.JPG,4096,4.00 KB,image extension but header signature mismatch,2023-10-21 16:23:49
E:\328桌面\精修\3\._117A9224.JPG,4096,4.00 KB,image extension but header signature mismatch,2023-10-21 16:23:49
E:\328桌面\精修\3\._117A9341.JPG,4096,4.00 KB,image extension but header signature mismatch,2023-10-21 16:23:49
E:\328桌面\精修\3\._117A9169.JPG,4096,4.00 KB,image extension but header signature mismatch,2023-10-21 16:23:50
E:\328桌面\精修\3\._117A9223.JPG,4096,4.00 KB,image extension but header signature mismatch,2023-10-21 16:23:50
E:\328桌面\精修\3\._117A9154.JPG,4096,4.00 KB,image extension but header signature mismatch,2023-10-21 16:23:50
E:\328桌面\精修\3\._117A9245.JPG,4096,4.00 KB,image extension but header signature mismatch,2023-10-21 16:23:50
E:\328桌面\精修\3\._117A9252.JPG,4096,4.00 KB,image extension but header signature mismatch,2023-10-21 16:23:50
E:\328桌面\精修\3\._117A9337.JPG,4096,4.00 KB,image extension but header signature mismatch,2023-10-21 16:23:50
E:\328桌面\精修\3\._117A9254.JPG,4096,4.00 KB,image extension but header signature mismatch,2023-10-21 16:23:50
E:\328桌面\精修\2\._117A8973.JPG,4096,4.00 KB,image extension but header signature mismatch,2023-10-21 16:23:50
E:\328桌面\精修\2\._117A9066.JPG,4096,4.00 KB,image extension but header signature mismatch,2023-10-21 16:23:50
E:\328桌面\精修\2\._117A8904.JPG,4096,4.00 KB,image extension but header signature mismatch,2023-10-21 16:23:50
E:\328桌面\精修\2\._117A9011.JPG,4096,4.00 KB,image extension but header signature mismatch,2023-10-21 16:23:50
E:\328桌面\精修\2\._117A9001.JPG,4096,4.00 KB,image extension but header signature mismatch,2023-10-21 16:23:50
E:\328桌面\精修\2\._117A9019.JPG,4096,4.00 KB,image extension but header signature mismatch,2023-10-21 16:23:50
E:\328桌面\精修\2\._117A8890.JPG,4096,4.00 KB,image extension but header signature mismatch,2023-10-21 16:23:50
E:\328桌面\精修\2\._117A9032.JPG,4096,4.00 KB,image extension but header signature mismatch,2023-10-21 16:23:50
E:\328桌面\精修\2\._117A8923.JPG,4096,4.00 KB,image extension but header signature mismatch,2023-10-21 16:23:50
E:\328桌面\精修\2\._117A8894.JPG,4096,4.00 KB,image extension but header signature mismatch,2023-10-21 16:23:50
E:\328桌面\精修\2\._117A9034.JPG,4096,4.00 KB,image extension but header signature mismatch,2023-10-21 16:23:50
E:\328桌面\精修\2\._117A8945.JPG,4096,4.00 KB,image extension but header signature mismatch,2023-10-21 16:23:50
E:\328桌面\精修\2\._117A8992.JPG,4096,4.00 KB,image extension but header signature mismatch,2023-10-21 16:23:50
E:\328桌面\精修\2\._117A8968.JPG,4096,4.00 KB,image extension but header signature mismatch,2023-10-21 16:23:50
E:\328桌面\精修\2\._117A8997.JPG,4096,4.00 KB,image extension but header signature mismatch,2023-10-21 16:23:50
E:\328桌面\麦兜来了\._麦兜_画板 1.jpg,4096,4.00 KB,image extension but header signature mismatch,2023-10-21 16:23:50
E:\328桌面\麦兜来了\._麦兜_画板 1 副本 3.jpg,4096,4.00 KB,image extension but header signature mismatch,2023-10-21 16:23:54
E:\328桌面\麦兜来了\._麦兜_画板 1 副本 2.jpg,4096,4.00 KB,image extension but header signature mismatch,2023-10-21 16:23:54
E:\328桌面\麦兜来了\._麦兜-06.jpg,4096,4.00 KB,image extension but header signature mismatch,2023-10-21 16:23:54
E:\328桌面\麦兜来了\._117A6874.jpg,4096,4.00 KB,image extension but header signature mismatch,2023-10-21 16:23:54
E:\328桌面\麦兜来了\._麦兜-07.jpg,4096,4.00 KB,image extension but header signature mismatch,2023-10-21 16:23:54
E:\328桌面\麦兜来了\._117A6874.png,4096,4.00 KB,image extension but header signature mismatch,2023-10-21 16:23:54
E:\328桌面\麦兜来了\._麦兜1-09.jpg,4096,4.00 KB,image extension but header signature mismatch,2023-10-21 16:23:54
E:\328桌面\麦兜来了\._麦兜-05.jpg,4096,4.00 KB,image extension but header signature mismatch,2023-10-21 16:23:54
E:\328桌面\麦兜来了\._WechatIMG38.jpeg,4096,4.00 KB,image extension but header signature mismatch,2023-10-21 16:23:54
E:\328桌面\麦兜来了\._麦兜-09.jpg,4096,4.00 KB,image extension but header signature mismatch,2023-10-21 16:23:54
E:\328桌面\麦兜来了\._未标题-2-08.jpg,4096,4.00 KB,image extension but header signature mismatch,2023-10-21 16:23:54
E:\328桌面\麦兜来了\._麦兜-08.jpg,4096,4.00 KB,image extension but header signature mismatch,2023-10-21 16:23:55
E:\328桌面\麦兜来了\._未标题-2_画板 1.jpg,4096,4.00 KB,image extension but header signature mismatch,2023-10-21 16:23:55
E:\328桌面\麦兜来了\._麦兜_画板 1 副本.jpg,4096,4.00 KB,image extension but header signature mismatch,2023-10-21 16:23:55
E:\328桌面\麦兜来了\麦兜来了-精修\._117A6786.jpg,4096,4.00 KB,image extension but header signature mismatch,2023-10-21 16:23:55
E:\328桌面\麦兜来了\麦兜来了-精修\._117A6792.jpg,4096,4.00 KB,image extension but header signature mismatch,2023-10-21 16:23:55
E:\328桌面\麦兜来了\麦兜来了-精修\._117A6962.jpg,4096,4.00 KB,image extension but header signature mismatch,2023-10-21 16:23:55
E:\328桌面\麦兜来了\麦兜来了-精修\._117A6967-.jpg,4096,4.00 KB,image extension but header signature mismatch,2023-10-21 16:23:55
E:\328桌面\麦兜来了\麦兜来了-精修\._117A6778.jpg,4096,4.00 KB,image extension but header signature mismatch,2023-10-21 16:23:55
E:\328桌面\麦兜来了\麦兜来了-精修\._117A6963.jpg,4096,4.00 KB,image extension but header signature mismatch,2023-10-21 16:23:55
E:\328桌面\麦兜来了\麦兜来了-精修\._117A6793.jpg,4096,4.00 KB,image extension but header signature mismatch,2023-10-21 16:23:55
E:\328桌面\麦兜来了\麦兜来了-精修\._117A6949.jpg,4096,4.00 KB,image extension but header signature mismatch,2023-10-21 16:23:55
E:\328桌面\麦兜来了\麦兜来了-精修\._117A6785.jpg,4096,4.00 KB,image extension but header signature mismatch,2023-10-21 16:23:55
E:\328桌面\麦兜来了\麦兜来了-精修\._117A6961.jpg,4096,4.00 KB,image extension but header signature mismatch,2023-10-21 16:23:55
E:\328桌面\麦兜来了\麦兜来了-精修\._117A6829.jpg,4096,4.00 KB,image extension but header signature mismatch,2023-10-21 16:23:55
E:\328桌面\麦兜来了\麦兜来了-精修\._117A6815.jpg,4096,4.00 KB,image extension but header signature mismatch,2023-10-21 16:23:55
E:\328桌面\麦兜来了\麦兜来了-精修\._117A6814.jpg,4096,4.00 KB,image extension but header signature mismatch,2023-10-21 16:23:56
E:\328桌面\麦兜来了\麦兜来了-精修\._117A6784.jpg,4096,4.00 KB,image extension but header signature mismatch,2023-10-21 16:23:56
E:\328桌面\麦兜来了\麦兜来了-精修\._117A6766-2.jpg,4096,4.00 KB,image extension but header signature mismatch,2023-10-21 16:23:56
E:\328桌面\麦兜来了\麦兜来了-精修\._117A6804.jpg,4096,4.00 KB,image extension but header signature mismatch,2023-10-21 16:23:56
E:\328桌面\麦兜来了\麦兜来了-精修\._117A6815-.jpg,4096,4.00 KB,image extension but header signature mismatch,2023-10-21 16:23:56
E:\328桌面\麦兜来了\麦兜来了-精修\._117A6967.jpg,4096,4.00 KB,image extension but header signature mismatch,2023-10-21 16:23:56
E:\328桌面\麦兜来了\麦兜来了-精修\._117A6783.jpg,4096,4.00 KB,image extension but header signature mismatch,2023-10-21 16:23:56
E:\328桌面\麦兜来了\麦兜来了-精修\._117A6806.jpg,4096,4.00 KB,image extension but header signature mismatch,2023-10-21 16:23:56
E:\328桌面\麦兜来了\麦兜来了-精修\._117A6808副本.jpg,4096,4.00 KB,image extension but header signature mismatch,2023-10-21 16:23:56
E:\328桌面\麦兜来了\麦兜来了-精修\._117A6966.jpg,4096,4.00 KB,image extension but header signature mismatch,2023-10-21 16:23:56
E:\328桌面\麦兜来了\麦兜来了-精修\._117A6929.jpg,4096,4.00 KB,image extension but header signature mismatch,2023-10-21 16:23:56
E:\328桌面\麦兜来了\麦兜来了-精修\._117A6804-.jpg,4096,4.00 KB,image extension but header signature mismatch,2023-10-21 16:23:56
E:\328桌面\麦兜来了\麦兜来了-精修\._117A6849.jpg,4096,4.00 KB,image extension but header signature mismatch,2023-10-21 16:23:56
E:\328桌面\麦兜来了\麦兜来了-精修\._117A6875.jpg,4096,4.00 KB,image extension but header signature mismatch,2023-10-21 16:23:56
E:\328桌面\麦兜来了\麦兜来了-精修\._117A6860.jpg,4096,4.00 KB,image extension but header signature mismatch,2023-10-21 16:23:56
E:\328桌面\麦兜来了\麦兜来了-精修\._117A6874.jpg,4096,4.00 KB,image extension but header signature mismatch,2023-10-21 16:23:56
E:\328桌面\麦兜来了\麦兜来了-精修\._117A6848.jpg,4096,4.00 KB,image extension but header signature mismatch,2023-10-21 16:23:56
E:\328桌面\麦兜来了\麦兜来了-精修\._117A6876.jpg,4096,4.00 KB,image extension but header signature mismatch,2023-10-21 16:23:56
E:\328桌面\麦兜来了\麦兜来了-精修\._117A6889.jpg,4096,4.00 KB,image extension but header signature mismatch,2023-10-21 16:23:56
E:\328桌面\麦兜来了\麦兜来了-精修\._117A6863.jpg,4096,4.00 KB,image extension but header signature mismatch,2023-10-21 16:23:56
E:\328桌面\麦兜来了\麦兜来了-精修\._117A6907.jpg,4096,4.00 KB,image extension but header signature mismatch,2023-10-21 16:23:56
E:\328桌面\麦兜来了\麦兜来了-精修\._117A6855副本.jpg,4096,4.00 KB,image extension but header signature mismatch,2023-10-21 16:23:56
E:\328桌面\麦兜来了\麦兜来了-精修\._117A6867.jpg,4096,4.00 KB,image extension but header signature mismatch,2023-10-21 16:23:56
E:\328桌面\麦兜来了\麦兜来了-精修\._117A6873.jpg,4096,4.00 KB,image extension but header signature mismatch,2023-10-21 16:23:57
E:\328桌面\麦兜来了\麦兜来了-精修\._117A6898.jpg,4096,4.00 KB,image extension but header signature mismatch,2023-10-21 16:23:57
E:\328桌面\麦兜来了\麦兜来了-精修\._117A6872.jpg,4096,4.00 KB,image extension but header signature mismatch,2023-10-21 16:23:57
E:\328桌面\麦兜来了\麦兜来了-精修\._117A6866.jpg,4096,4.00 KB,image extension but header signature mismatch,2023-10-21 16:23:57
E:\328桌面\麦兜来了\麦兜来了-精修\._117A6809-.jpg,4096,4.00 KB,image extension but header signature mismatch,2023-10-21 16:23:57
E:\328桌面\麦兜来了\麦兜来了-精修\._117A6904.jpg,4096,4.00 KB,image extension but header signature mismatch,2023-10-21 16:23:57
E:\328桌面\麦兜来了\麦兜来了-精修\._117A6870.jpg,4096,4.00 KB,image extension but header signature mismatch,2023-10-21 16:23:57
E:\328桌面\麦兜来了\麦兜来了-精修\._117A6864.jpg,4096,4.00 KB,image extension but header signature mismatch,2023-10-21 16:23:57
E:\328桌面\麦兜来了\麦兜来了-精修\._117A6871.jpg,4096,4.00 KB,image extension but header signature mismatch,2023-10-21 16:23:57
E:\328桌面\麦兜来了\麦兜来了-精修\._117A6840.jpg,4096,4.00 KB,image extension but header signature mismatch,2023-10-21 16:23:57
E:\328桌面\麦兜来了\麦兜来了-精修\._117A6896.jpg,4096,4.00 KB,image extension but header signature mismatch,2023-10-21 16:23:57
E:\328桌面\麦兜来了\麦兜来了-精修\._117A6855.jpg,4096,4.00 KB,image extension but header signature mismatch,2023-10-21 16:23:57
E:\328桌面\麦兜来了\麦兜来了-精修\._117A6962副本.jpg,4096,4.00 KB,image extension but header signature mismatch,2023-10-21 16:23:57
E:\328桌面\麦兜来了\麦兜来了-精修\._117A6806-.jpg,4096,4.00 KB,image extension but header signature mismatch,2023-10-21 16:23:57
E:\328桌面\麦兜来了\麦兜来了-精修\._117A6894.jpg,4096,4.00 KB,image extension but header signature mismatch,2023-10-21 16:23:57
E:\328桌面\麦兜来了\麦兜来了-精修\._117A6856.jpg,4096,4.00 KB,image extension but header signature mismatch,2023-10-21 16:23:57
E:\328桌面\麦兜来了\麦兜来了-精修\._117A6860-11.jpg,4096,4.00 KB,image extension but header signature mismatch,2023-10-21 16:23:57
E:\328桌面\麦兜来了\麦兜来了-精修\._117A6853.jpg,4096,4.00 KB,image extension but header signature mismatch,2023-10-21 16:23:57
E:\328桌面\麦兜来了\麦兜来了-精修\._117A6925.jpg,4096,4.00 KB,image extension but header signature mismatch,2023-10-21 16:23:57
E:\328桌面\麦兜来了\麦兜来了-精修\._117A6892.jpg,4096,4.00 KB,image extension but header signature mismatch,2023-10-21 16:23:57
E:\328桌面\麦兜来了\麦兜来了-精修\._117A6887.jpg,4096,4.00 KB,image extension but header signature mismatch,2023-10-21 16:23:57
E:\328桌面\麦兜来了\麦兜来了-精修\._117A6804副本.jpg,4096,4.00 KB,image extension but header signature mismatch,2023-10-21 16:23:57
E:\328桌面\麦兜来了\麦兜来了-精修\._117A6973-.jpg,4096,4.00 KB,image extension but header signature mismatch,2023-10-21 16:23:57
E:\328桌面\麦兜来了\麦兜来了-精修\._117A6837.jpg,4096,4.00 KB,image extension but header signature mismatch,2023-10-21 16:23:58
E:\328桌面\麦兜来了\麦兜来了-精修\._117A6954.jpg,4096,4.00 KB,image extension but header signature mismatch,2023-10-21 16:23:58
E:\328桌面\麦兜来了\麦兜来了-精修\._117A6808.jpg,4096,4.00 KB,image extension but header signature mismatch,2023-10-21 16:23:58
E:\328桌面\麦兜来了\麦兜来了-精修\._117A6809.jpg,4096,4.00 KB,image extension but header signature mismatch,2023-10-21 16:23:58
E:\328桌面\麦兜来了\麦兜来了-精修\._117A6806副本.jpg,4096,4.00 KB,image extension but header signature mismatch,2023-10-21 16:23:58
E:\328桌面\麦兜来了\麦兜来了-精修\._117A6941.jpg,4096,4.00 KB,image extension but header signature mismatch,2023-10-21 16:23:58
E:\328桌面\麦兜来了\麦兜来了-精修\._117A6955.jpg,4096,4.00 KB,image extension but header signature mismatch,2023-10-21 16:23:58
E:\328桌面\麦兜来了\麦兜来了-精修\._117A6951.jpg,4096,4.00 KB,image extension but header signature mismatch,2023-10-21 16:23:58
E:\328桌面\麦兜来了\麦兜来了-精修\._117A6967副本.jpg,4096,4.00 KB,image extension but header signature mismatch,2023-10-21 16:23:58
E:\328桌面\麦兜来了\麦兜来了-精修\._117A6808- 加字.jpg,4096,4.00 KB,image extension but header signature mismatch,2023-10-21 16:23:58
E:\328桌面\麦兜来了\麦兜来了-精修\._117A6777.jpg,4096,4.00 KB,image extension but header signature mismatch,2023-10-21 16:23:58
E:\328桌面\麦兜来了\麦兜来了-精修\._117A6946.jpg,4096,4.00 KB,image extension but header signature mismatch,2023-10-21 16:23:58
E:\328桌面\麦兜来了\麦兜来了-精修\._117A6775.jpg,4096,4.00 KB,image extension but header signature mismatch,2023-10-21 16:23:58
E:\328桌面\麦兜来了\麦兜来了-精修\._117A6973.-字体设计psd.jpg,4096,4.00 KB,image extension but header signature mismatch,2023-10-21 16:23:58
E:\328桌面\麦兜来了\麦兜来了-精修\._117A6947.jpg,4096,4.00 KB,image extension but header signature mismatch,2023-10-21 16:23:58
E:\328桌面\百日照-1006\._117A7705.jpg,4096,4.00 KB,image extension but header signature mismatch,2023-10-21 16:23:58
E:\328桌面\百日照-1006\._100 days.jpg,4096,4.00 KB,image extension but header signature mismatch,2023-10-21 16:24:07
E:\328桌面\百日照-1006\jiazi\._117A7647副本--.jpg,4096,4.00 KB,image extension but header signature mismatch,2023-10-21 16:23:59
E:\328桌面\百日照-1006\jiazi\._117A7538.jpg,4096,4.00 KB,image extension but header signature mismatch,2023-10-21 16:23:59
E:\328桌面\百日照-1006\jiazi\._117A7638副本.jpg,4096,4.00 KB,image extension but header signature mismatch,2023-10-21 16:23:59
E:\328桌面\百日照-1006\jiazi\._117A7502副本.jpg,4096,4.00 KB,image extension but header signature mismatch,2023-10-21 16:23:59
E:\328桌面\百日照-1006\jiazi\._117A7748.jpg,4096,4.00 KB,image extension but header signature mismatch,2023-10-21 16:23:59
E:\328桌面\百日照-1006\jiazi\._117A7647副本.jpg,4096,4.00 KB,image extension but header signature mismatch,2023-10-21 16:23:59
E:\328桌面\百日照-1006\jiazi\._未标题-1.jpg,4096,4.00 KB,image extension but header signature mismatch,2023-10-21 16:23:59
E:\328桌面\百日照-1006\jiazi\._117A7752.jpg,4096,4.00 KB,image extension but header signature mismatch,2023-10-21 16:23:59
E:\328桌面\百日照-1006\jiazi\._未标题-2.jpg,4096,4.00 KB,image extension but header signature mismatch,2023-10-21 16:23:59
E:\328桌面\百日照-1006\jiazi\._117A7557.jpg,4096,4.00 KB,image extension but header signature mismatch,2023-10-21 16:23:59
E:\328桌面\百日照-1006\jiazi\._117A7582.jpg,4096,4.00 KB,image extension but header signature mismatch,2023-10-21 16:23:59
E:\328桌面\百日照-1006\jiazi\._117A7491.jpg,4096,4.00 KB,image extension but header signature mismatch,2023-10-21 16:24:00
E:\328桌面\百日照-1006\jiazi\._117A7526.jpg,4096,4.00 KB,image extension but header signature mismatch,2023-10-21 16:24:00
E:\328桌面\百日照-1006\jiazi\._117A7508.jpg,4096,4.00 KB,image extension but header signature mismatch,2023-10-21 16:24:00
E:\328桌面\百日照-1006\百日照\._117A7473.JPG,4096,4.00 KB,image extension but header signature mismatch,2023-10-21 16:24:00
E:\328桌面\百日照-1006\百日照\._117A7665.JPG,4096,4.00 KB,image extension but header signature mismatch,2023-10-21 16:24:00
E:\328桌面\百日照-1006\百日照\._117A7734的副本.JPG,4096,4.00 KB,image extension but header signature mismatch,2023-10-21 16:24:00
E:\328桌面\百日照-1006\百日照\._117A7705.JPG,4096,4.00 KB,image extension but header signature mismatch,2023-10-21 16:24:00
E:\328桌面\百日照-1006\百日照\._117A7499.JPG,4096,4.00 KB,image extension but header signature mismatch,2023-10-21 16:24:00
E:\328桌面\百日照-1006\百日照\._117A7458.JPG,4096,4.00 KB,image extension but header signature mismatch,2023-10-21 16:24:00
E:\328桌面\百日照-1006\百日照\._117A7672.JPG,4096,4.00 KB,image extension but header signature mismatch,2023-10-21 16:24:00
E:\328桌面\百日照-1006\百日照\._117A7538.JPG,4096,4.00 KB,image extension but header signature mismatch,2023-10-21 16:24:00
E:\328桌面\百日照-1006\百日照\._117A7667.JPG,4096,4.00 KB,image extension but header signature mismatch,2023-10-21 16:24:00
E:\328桌面\百日照-1006\百日照\._117A7698.JPG,4096,4.00 KB,image extension but header signature mismatch,2023-10-21 16:24:00
E:\328桌面\百日照-1006\百日照\._117A7465.JPG,4096,4.00 KB,image extension but header signature mismatch,2023-10-21 16:24:00
E:\328桌面\百日照-1006\百日照\._117A7449.JPG,4096,4.00 KB,image extension but header signature mismatch,2023-10-21 16:24:00
E:\328桌面\百日照-1006\百日照\._117A7703.JPG,4096,4.00 KB,image extension but header signature mismatch,2023-10-21 16:24:00
E:\328桌面\百日照-1006\百日照\._117A7514.JPG,4096,4.00 KB,image extension but header signature mismatch,2023-10-21 16:24:00
E:\328桌面\百日照-1006\百日照\._117A7728的副本.JPG,4096,4.00 KB,image extension but header signature mismatch,2023-10-21 16:24:00
E:\328桌面\百日照-1006\百日照\._bairizhao-02.png,4096,4.00 KB,image extension but header signature mismatch,2023-10-21 16:24:00
E:\328桌面\百日照-1006\百日照\._117A7502.JPG,4096,4.00 KB,image extension but header signature mismatch,2023-10-21 16:24:00
E:\328桌面\百日照-1006\百日照\._117A7649.JPG,4096,4.00 KB,image extension but header signature mismatch,2023-10-21 16:24:00
E:\328桌面\百日照-1006\百日照\._117A7531的副本.JPG,4096,4.00 KB,image extension but header signature mismatch,2023-10-21 16:24:01
E:\328桌面\百日照-1006\百日照\._117A7540的副本.JPG,4096,4.00 KB,image extension but header signature mismatch,2023-10-21 16:24:01
E:\328桌面\百日照-1006\百日照\._117A7558.JPG,4096,4.00 KB,image extension but header signature mismatch,2023-10-21 16:24:01
E:\328桌面\百日照-1006\百日照\._117A7564.JPG,4096,4.00 KB,image extension but header signature mismatch,2023-10-21 16:24:01
E:\328桌面\百日照-1006\百日照\._117A7559.JPG,4096,4.00 KB,image extension but header signature mismatch,2023-10-21 16:24:01
E:\328桌面\百日照-1006\百日照\._117A7439.JPG,4096,4.00 KB,image extension but header signature mismatch,2023-10-21 16:24:01
E:\328桌面\百日照-1006\百日照\._bairizhao-02副本.png,4096,4.00 KB,image extension but header signature mismatch,2023-10-21 16:24:01
E:\328桌面\百日照-1006\百日照\._117A7639.JPG,4096,4.00 KB,image extension but header signature mismatch,2023-10-21 16:24:01
E:\328桌面\百日照-1006\百日照\._117A7573.JPG,4096,4.00 KB,image extension but header signature mismatch,2023-10-21 16:24:01
E:\328桌面\百日照-1006\百日照\._117A7566.JPG,4096,4.00 KB,image extension but header signature mismatch,2023-10-21 16:24:01
E:\328桌面\百日照-1006\百日照\._117A7638.JPG,4096,4.00 KB,image extension but header signature mismatch,2023-10-21 16:24:01
E:\328桌面\百日照-1006\百日照\._117A7751的副本.JPG,4096,4.00 KB,image extension but header signature mismatch,2023-10-21 16:24:01
E:\328桌面\百日照-1006\百日照\._117A7748.JPG,4096,4.00 KB,image extension but header signature mismatch,2023-10-21 16:24:01
E:\328桌面\百日照-1006\百日照\._117A7562.JPG,4096,4.00 KB,image extension but header signature mismatch,2023-10-21 16:24:01
E:\328桌面\百日照-1006\百日照\._117A7574.JPG,4096,4.00 KB,image extension but header signature mismatch,2023-10-21 16:24:01
E:\328桌面\百日照-1006\百日照\._117A7753.JPG,4096,4.00 KB,image extension but header signature mismatch,2023-10-21 16:24:01
E:\328桌面\百日照-1006\百日照\._117A7752.JPG,4096,4.00 KB,image extension but header signature mismatch,2023-10-21 16:24:02
E:\328桌面\百日照-1006\百日照\._117A7619.JPG,4096,4.00 KB,image extension but header signature mismatch,2023-10-21 16:24:02
E:\328桌面\百日照-1006\百日照\._117A7594.JPG,4096,4.00 KB,image extension but header signature mismatch,2023-10-21 16:24:02
E:\328桌面\百日照-1006\百日照\._117A7557.JPG,4096,4.00 KB,image extension but header signature mismatch,2023-10-21 16:24:02
E:\328桌面\百日照-1006\百日照\._117A7595.JPG,4096,4.00 KB,image extension but header signature mismatch,2023-10-21 16:24:02
E:\328桌面\百日照-1006\百日照\._117A7754.JPG,4096,4.00 KB,image extension but header signature mismatch,2023-10-21 16:24:02
E:\328桌面\百日照-1006\百日照\._117A7634.JPG,4096,4.00 KB,image extension but header signature mismatch,2023-10-21 16:24:02
E:\328桌面\百日照-1006\百日照\._117A7634.png,4096,4.00 KB,image extension but header signature mismatch,2023-10-21 16:24:02
E:\328桌面\百日照-1006\百日照\._117A7636.JPG,4096,4.00 KB,image extension but header signature mismatch,2023-10-21 16:24:02
E:\328桌面\百日照-1006\百日照\._117A7583.JPG,4096,4.00 KB,image extension but header signature mismatch,2023-10-21 16:24:02
E:\328桌面\百日照-1006\百日照\._117A7582.JPG,4096,4.00 KB,image extension but header signature mismatch,2023-10-21 16:24:02
E:\328桌面\百日照-1006\百日照\._117A7596.JPG,4096,4.00 KB,image extension but header signature mismatch,2023-10-21 16:24:02
E:\328桌面\百日照-1006\百日照\._117A7491.JPG,4096,4.00 KB,image extension but header signature mismatch,2023-10-21 16:24:02
E:\328桌面\百日照-1006\百日照\._117A7446.JPG,4096,4.00 KB,image extension but header signature mismatch,2023-10-21 16:24:02
E:\328桌面\百日照-1006\百日照\._117A7750的副本.JPG,4096,4.00 KB,image extension but header signature mismatch,2023-10-21 16:24:02
E:\328桌面\百日照-1006\百日照\._117A7526.JPG,4096,4.00 KB,image extension but header signature mismatch,2023-10-21 16:24:02
E:\328桌面\百日照-1006\百日照\._117A7645.JPG,4096,4.00 KB,image extension but header signature mismatch,2023-10-21 16:24:02
E:\328桌面\百日照-1006\百日照\._117A7686.JPG,4096,4.00 KB,image extension but header signature mismatch,2023-10-21 16:24:02
E:\328桌面\百日照-1006\百日照\._117A7484.JPG,4096,4.00 KB,image extension but header signature mismatch,2023-10-21 16:24:02
E:\328桌面\百日照-1006\百日照\._117A7647.JPG,4096,4.00 KB,image extension but header signature mismatch,2023-10-21 16:24:02
E:\328桌面\百日照-1006\百日照\._117A7733.JPG,4096,4.00 KB,image extension but header signature mismatch,2023-10-21 16:24:03
E:\328桌面\百日照-1006\百日照\._117A7525.JPG,4096,4.00 KB,image extension but header signature mismatch,2023-10-21 16:24:03
E:\328桌面\百日照-1006\百日照\._117A7444.JPG,4096,4.00 KB,image extension but header signature mismatch,2023-10-21 16:24:03
E:\328桌面\百日照-1006\百日照\._117A7468.JPG,4096,4.00 KB,image extension but header signature mismatch,2023-10-21 16:24:03
E:\328桌面\百日照-1006\百日照\._117A7520.JPG,4096,4.00 KB,image extension but header signature mismatch,2023-10-21 16:24:07
E:\328桌面\百日照-1006\百日照\._117A7508.JPG,4096,4.00 KB,image extension but header signature mismatch,2023-10-21 16:24:07
E:\328桌面\百日照-1006\百日照\._117A7680.JPG,4096,4.00 KB,image extension but header signature mismatch,2023-10-21 16:24:07
E:\328桌面\百日照-1006\百日照\._117A7443.JPG,4096,4.00 KB,image extension but header signature mismatch,2023-10-21 16:24:07
E:\328桌面\百日照-1006\百日照\._117A7457.JPG,4096,4.00 KB,image extension but header signature mismatch,2023-10-21 16:24:07
E:\328桌面\百日照-1006\百日照\._117A7682.JPG,4096,4.00 KB,image extension but header signature mismatch,2023-10-21 16:24:07
E:\328桌面\百日照-1006\百日照\._117A7669.JPG,4096,4.00 KB,image extension but header signature mismatch,2023-10-21 16:24:07
E:\328桌面\百日照-1006\百日照\._117A7735.JPG,4096,4.00 KB,image extension but header signature mismatch,2023-10-21 16:24:07
E:\328桌面\百日照-1006\百日照\精修片\._117A7473.jpg,4096,4.00 KB,image extension but header signature mismatch,2023-10-21 16:24:03
E:\328桌面\百日照-1006\百日照\精修片\._117A7665.jpg,4096,4.00 KB,image extension but header signature mismatch,2023-10-21 16:24:03
E:\328桌面\百日照-1006\百日照\精修片\._117A7734的副本.jpg,4096,4.00 KB,image extension but header signature mismatch,2023-10-21 16:24:03
E:\328桌面\百日照-1006\百日照\精修片\._117A7499.jpg,4096,4.00 KB,image extension but header signature mismatch,2023-10-21 16:24:03
E:\328桌面\百日照-1006\百日照\精修片\._117A7672.jpg,4096,4.00 KB,image extension but header signature mismatch,2023-10-21 16:24:03
E:\328桌面\百日照-1006\百日照\精修片\._117A7538.jpg,4096,4.00 KB,image extension but header signature mismatch,2023-10-21 16:24:03
E:\328桌面\百日照-1006\百日照\精修片\._117A7638副本.jpg,4096,4.00 KB,image extension but header signature mismatch,2023-10-21 16:24:03
E:\328桌面\百日照-1006\百日照\精修片\._117A7667.jpg,4096,4.00 KB,image extension but header signature mismatch,2023-10-21 16:24:03
E:\328桌面\百日照-1006\百日照\精修片\._117A7465.jpg,4096,4.00 KB,image extension but header signature mismatch,2023-10-21 16:24:03
E:\328桌面\百日照-1006\百日照\精修片\._117A7449.jpg,4096,4.00 KB,image extension but header signature mismatch,2023-10-21 16:24:05
E:\328桌面\百日照-1006\百日照\精修片\._117A7514.jpg,4096,4.00 KB,image extension but header signature mismatch,2023-10-21 16:24:05
E:\328桌面\百日照-1006\百日照\精修片\._117A7728的副本.jpg,4096,4.00 KB,image extension but header signature mismatch,2023-10-21 16:24:05
E:\328桌面\百日照-1006\百日照\精修片\._117A7502副本.jpg,4096,4.00 KB,image extension but header signature mismatch,2023-10-21 16:24:05
E:\328桌面\百日照-1006\百日照\精修片\._117A7444副本.jpg,4096,4.00 KB,image extension but header signature mismatch,2023-10-21 16:24:05
E:\328桌面\百日照-1006\百日照\精修片\._117A7698副本.jpg,4096,4.00 KB,image extension but header signature mismatch,2023-10-21 16:24:05
E:\328桌面\百日照-1006\百日照\精修片\._117A7558.jpg,4096,4.00 KB,image extension but header signature mismatch,2023-10-21 16:24:05
E:\328桌面\百日照-1006\百日照\精修片\._117A7573.jpg,4096,4.00 KB,image extension but header signature mismatch,2023-10-21 16:24:05
E:\328桌面\百日照-1006\百日照\精修片\._117A7566.jpg,4096,4.00 KB,image extension but header signature mismatch,2023-10-21 16:24:05
E:\328桌面\百日照-1006\百日照\精修片\._117A7562副本.jpg,4096,4.00 KB,image extension but header signature mismatch,2023-10-21 16:24:05
E:\328桌面\百日照-1006\百日照\精修片\._117A7748.jpg,4096,4.00 KB,image extension but header signature mismatch,2023-10-21 16:24:05
E:\328桌面\百日照-1006\百日照\精修片\._117A7647副本.jpg,4096,4.00 KB,image extension but header signature mismatch,2023-10-21 16:24:05
E:\328桌面\百日照-1006\百日照\精修片\._100 days副本.jpg,4096,4.00 KB,image extension but header signature mismatch,2023-10-21 16:24:06
E:\328桌面\百日照-1006\百日照\精修片\._117A7525副本.jpg,4096,4.00 KB,image extension but header signature mismatch,2023-10-21 16:24:06
E:\328桌面\百日照-1006\百日照\精修片\._117A7735副本.jpg,4096,4.00 KB,image extension but header signature mismatch,2023-10-21 16:24:06
E:\328桌面\百日照-1006\百日照\精修片\._117A7752.jpg,4096,4.00 KB,image extension but header signature mismatch,2023-10-21 16:24:06
E:\328桌面\百日照-1006\百日照\精修片\._117A7754副本.jpg,4096,4.00 KB,image extension but header signature mismatch,2023-10-21 16:24:06
E:\328桌面\百日照-1006\百日照\精修片\._117A7619.jpg,4096,4.00 KB,image extension but header signature mismatch,2023-10-21 16:24:06
E:\328桌面\百日照-1006\百日照\精修片\._117A7594.jpg,4096,4.00 KB,image extension but header signature mismatch,2023-10-21 16:24:06
E:\328桌面\百日照-1006\百日照\精修片\._117A7733副本.jpg,4096,4.00 KB,image extension but header signature mismatch,2023-10-21 16:24:06
E:\328桌面\百日照-1006\百日照\精修片\._117A7557.jpg,4096,4.00 KB,image extension but header signature mismatch,2023-10-21 16:24:06
E:\328桌面\百日照-1006\百日照\精修片\._117A7595.jpg,4096,4.00 KB,image extension but header signature mismatch,2023-10-21 16:24:06
E:\328桌面\百日照-1006\百日照\精修片\._117A7754.jpg,4096,4.00 KB,image extension but header signature mismatch,2023-10-21 16:24:06
E:\328桌面\百日照-1006\百日照\精修片\._117A7634.jpg,4096,4.00 KB,image extension but header signature mismatch,2023-10-21 16:24:06
E:\328桌面\百日照-1006\百日照\精修片\._117A7573副本.jpg,4096,4.00 KB,image extension but header signature mismatch,2023-10-21 16:24:06
E:\328桌面\百日照-1006\百日照\精修片\._117A7636.jpg,4096,4.00 KB,image extension but header signature mismatch,2023-10-21 16:24:06
E:\328桌面\百日照-1006\百日照\精修片\._117A7583.jpg,4096,4.00 KB,image extension but header signature mismatch,2023-10-21 16:24:06
E:\328桌面\百日照-1006\百日照\精修片\._117A7582.jpg,4096,4.00 KB,image extension but header signature mismatch,2023-10-21 16:24:06
E:\328桌面\百日照-1006\百日照\精修片\._117A7491.jpg,4096,4.00 KB,image extension but header signature mismatch,2023-10-21 16:24:06
E:\328桌面\百日照-1006\百日照\精修片\._117A7446.jpg,4096,4.00 KB,image extension but header signature mismatch,2023-10-21 16:24:06
E:\328桌面\百日照-1006\百日照\精修片\._117A7526.jpg,4096,4.00 KB,image extension but header signature mismatch,2023-10-21 16:24:06
E:\328桌面\百日照-1006\百日照\精修片\._117A7645.jpg,4096,4.00 KB,image extension but header signature mismatch,2023-10-21 16:24:06
E:\328桌面\百日照-1006\百日照\精修片\._117A7686.jpg,4096,4.00 KB,image extension but header signature mismatch,2023-10-21 16:24:06
E:\328桌面\百日照-1006\百日照\精修片\._117A7484.jpg,4096,4.00 KB,image extension but header signature mismatch,2023-10-21 16:24:06
E:\328桌面\百日照-1006\百日照\精修片\._117A7733.jpg,4096,4.00 KB,image extension but header signature mismatch,2023-10-21 16:24:06
E:\328桌面\百日照-1006\百日照\精修片\._117A7525.jpg,4096,4.00 KB,image extension but header signature mismatch,2023-10-21 16:24:06
E:\328桌面\百日照-1006\百日照\精修片\._117A7468.jpg,4096,4.00 KB,image extension but header signature mismatch,2023-10-21 16:24:06
E:\328桌面\百日照-1006\百日照\精修片\._117A7520.jpg,4096,4.00 KB,image extension but header signature mismatch,2023-10-21 16:24:07
E:\328桌面\百日照-1006\百日照\精修片\._117A7508.jpg,4096,4.00 KB,image extension but header signature mismatch,2023-10-21 16:24:07
E:\328桌面\百日照-1006\百日照\精修片\._117A7594副本.jpg,4096,4.00 KB,image extension but header signature mismatch,2023-10-21 16:24:07
E:\328桌面\百日照-1006\百日照\精修片\._117A7682.jpg,4096,4.00 KB,image extension but header signature mismatch,2023-10-21 16:24:07
E:\328桌面\百日照-1006\百日照\精修片\._117A7669.jpg,4096,4.00 KB,image extension but header signature mismatch,2023-10-21 16:24:07
E:\328桌面\百日照-1006\百日照\精修片\._117A7735.jpg,4096,4.00 KB,image extension but header signature mismatch,2023-10-21 16:24:07
E:\328桌面\百日照-1006\百日照\精修片\1006百日照精修片\._117A7473.jpg,4096,4.00 KB,image extension but header signature mismatch,2023-10-21 16:24:03
E:\328桌面\百日照-1006\百日照\精修片\1006百日照精修片\._117A7665.jpg,4096,4.00 KB,image extension but header signature mismatch,2023-10-21 16:24:03
E:\328桌面\百日照-1006\百日照\精修片\1006百日照精修片\._117A7734的副本.jpg,4096,4.00 KB,image extension but header signature mismatch,2023-10-21 16:24:03
E:\328桌面\百日照-1006\百日照\精修片\1006百日照精修片\._117A7499.jpg,4096,4.00 KB,image extension but header signature mismatch,2023-10-21 16:24:03
E:\328桌面\百日照-1006\百日照\精修片\1006百日照精修片\._117A7672.jpg,4096,4.00 KB,image extension but header signature mismatch,2023-10-21 16:24:03
E:\328桌面\百日照-1006\百日照\精修片\1006百日照精修片\._117A7538.jpg,4096,4.00 KB,image extension but header signature mismatch,2023-10-21 16:24:03
E:\328桌面\百日照-1006\百日照\精修片\1006百日照精修片\._117A7638副本.jpg,4096,4.00 KB,image extension but header signature mismatch,2023-10-21 16:24:03
E:\328桌面\百日照-1006\百日照\精修片\1006百日照精修片\._117A7667.jpg,4096,4.00 KB,image extension but header signature mismatch,2023-10-21 16:24:03
E:\328桌面\百日照-1006\百日照\精修片\1006百日照精修片\._117A7465.jpg,4096,4.00 KB,image extension but header signature mismatch,2023-10-21 16:24:03
E:\328桌面\百日照-1006\百日照\精修片\1006百日照精修片\._117A7514.jpg,4096,4.00 KB,image extension but header signature mismatch,2023-10-21 16:24:03
E:\328桌面\百日照-1006\百日照\精修片\1006百日照精修片\._117A7728的副本.jpg,4096,4.00 KB,image extension but header signature mismatch,2023-10-21 16:24:04
E:\328桌面\百日照-1006\百日照\精修片\1006百日照精修片\._117A7502副本.jpg,4096,4.00 KB,image extension but header signature mismatch,2023-10-21 16:24:04
E:\328桌面\百日照-1006\百日照\精修片\1006百日照精修片\._117A7444副本.jpg,4096,4.00 KB,image extension but header signature mismatch,2023-10-21 16:24:04
E:\328桌面\百日照-1006\百日照\精修片\1006百日照精修片\._117A7698副本.jpg,4096,4.00 KB,image extension but header signature mismatch,2023-10-21 16:24:04
E:\328桌面\百日照-1006\百日照\精修片\1006百日照精修片\._117A7558.jpg,4096,4.00 KB,image extension but header signature mismatch,2023-10-21 16:24:04
E:\328桌面\百日照-1006\百日照\精修片\1006百日照精修片\._117A7566.jpg,4096,4.00 KB,image extension but header signature mismatch,2023-10-21 16:24:04
E:\328桌面\百日照-1006\百日照\精修片\1006百日照精修片\._117A7562副本.jpg,4096,4.00 KB,image extension but header signature mismatch,2023-10-21 16:24:04
E:\328桌面\百日照-1006\百日照\精修片\1006百日照精修片\._117A7748.jpg,4096,4.00 KB,image extension but header signature mismatch,2023-10-21 16:24:04
E:\328桌面\百日照-1006\百日照\精修片\1006百日照精修片\._117A7647副本.jpg,4096,4.00 KB,image extension but header signature mismatch,2023-10-21 16:24:04
E:\328桌面\百日照-1006\百日照\精修片\1006百日照精修片\._100 days副本.jpg,4096,4.00 KB,image extension but header signature mismatch,2023-10-21 16:24:04
E:\328桌面\百日照-1006\百日照\精修片\1006百日照精修片\._117A7525副本.jpg,4096,4.00 KB,image extension but header signature mismatch,2023-10-21 16:24:04
E:\328桌面\百日照-1006\百日照\精修片\1006百日照精修片\._117A7752.jpg,4096,4.00 KB,image extension but header signature mismatch,2023-10-21 16:24:04
E:\328桌面\百日照-1006\百日照\精修片\1006百日照精修片\._117A7754副本.jpg,4096,4.00 KB,image extension but header signature mismatch,2023-10-21 16:24:04
E:\328桌面\百日照-1006\百日照\精修片\1006百日照精修片\._117A7619.jpg,4096,4.00 KB,image extension but header signature mismatch,2023-10-21 16:24:04
E:\328桌面\百日照-1006\百日照\精修片\1006百日照精修片\._117A7594.jpg,4096,4.00 KB,image extension but header signature mismatch,2023-10-21 16:24:04
E:\328桌面\百日照-1006\百日照\精修片\1006百日照精修片\._117A7733副本.jpg,4096,4.00 KB,image extension but header signature mismatch,2023-10-21 16:24:04
E:\328桌面\百日照-1006\百日照\精修片\1006百日照精修片\._117A7557.jpg,4096,4.00 KB,image extension but header signature mismatch,2023-10-21 16:24:04
E:\328桌面\百日照-1006\百日照\精修片\1006百日照精修片\._117A7595.jpg,4096,4.00 KB,image extension but header signature mismatch,2023-10-21 16:24:04
E:\328桌面\百日照-1006\百日照\精修片\1006百日照精修片\._117A7754.jpg,4096,4.00 KB,image extension but header signature mismatch,2023-10-21 16:24:04
E:\328桌面\百日照-1006\百日照\精修片\1006百日照精修片\._117A7634.jpg,4096,4.00 KB,image extension but header signature mismatch,2023-10-21 16:24:04
E:\328桌面\百日照-1006\百日照\精修片\1006百日照精修片\._117A7573副本.jpg,4096,4.00 KB,image extension but header signature mismatch,2023-10-21 16:24:04
E:\328桌面\百日照-1006\百日照\精修片\1006百日照精修片\._117A7636.jpg,4096,4.00 KB,image extension but header signature mismatch,2023-10-21 16:24:04
E:\328桌面\百日照-1006\百日照\精修片\1006百日照精修片\._117A7583.jpg,4096,4.00 KB,image extension but header signature mismatch,2023-10-21 16:24:04
E:\328桌面\百日照-1006\百日照\精修片\1006百日照精修片\._117A7582.jpg,4096,4.00 KB,image extension but header signature mismatch,2023-10-21 16:24:04
E:\328桌面\百日照-1006\百日照\精修片\1006百日照精修片\._117A7491.jpg,4096,4.00 KB,image extension but header signature mismatch,2023-10-21 16:24:04
E:\328桌面\百日照-1006\百日照\精修片\1006百日照精修片\._117A7446.jpg,4096,4.00 KB,image extension but header signature mismatch,2023-10-21 16:24:05
E:\328桌面\百日照-1006\百日照\精修片\1006百日照精修片\._117A7526.jpg,4096,4.00 KB,image extension but header signature mismatch,2023-10-21 16:24:05
E:\328桌面\百日照-1006\百日照\精修片\1006百日照精修片\._117A7645.jpg,4096,4.00 KB,image extension but header signature mismatch,2023-10-21 16:24:05
E:\328桌面\百日照-1006\百日照\精修片\1006百日照精修片\._117A7686.jpg,4096,4.00 KB,image extension but header signature mismatch,2023-10-21 16:24:05
E:\328桌面\百日照-1006\百日照\精修片\1006百日照精修片\._117A7484.jpg,4096,4.00 KB,image extension but header signature mismatch,2023-10-21 16:24:05
E:\328桌面\百日照-1006\百日照\精修片\1006百日照精修片\._117A7733.jpg,4096,4.00 KB,image extension but header signature mismatch,2023-10-21 16:24:05
E:\328桌面\百日照-1006\百日照\精修片\1006百日照精修片\._117A7468.jpg,4096,4.00 KB,image extension but header signature mismatch,2023-10-21 16:24:05
E:\328桌面\百日照-1006\百日照\精修片\1006百日照精修片\._117A7520.jpg,4096,4.00 KB,image extension but header signature mismatch,2023-10-21 16:24:05
E:\328桌面\百日照-1006\百日照\精修片\1006百日照精修片\._117A7508.jpg,4096,4.00 KB,image extension but header signature mismatch,2023-10-21 16:24:05
E:\328桌面\百日照-1006\百日照\精修片\1006百日照精修片\._117A7449副本.jpg,4096,4.00 KB,image extension but header signature mismatch,2023-10-21 16:24:05
E:\328桌面\百日照-1006\百日照\精修片\1006百日照精修片\._117A7682.jpg,4096,4.00 KB,image extension but header signature mismatch,2023-10-21 16:24:05
E:\328桌面\百日照-1006\百日照\精修片\1006百日照精修片\._117A7669.jpg,4096,4.00 KB,image extension but header signature mismatch,2023-10-21 16:24:05
E:\328桌面\百日照-1006\百日照\精修片\1006百日照精修片\._117A7735.jpg,4096,4.00 KB,image extension but header signature mismatch,2023-10-21 16:24:05
E:\328桌面\忆童时光\._IMG_8493副本.jpg,4096,4.00 KB,image extension but header signature mismatch,2023-10-21 16:24:08
E:\328桌面\忆童时光\._IMG_8499.JPG,4096,4.00 KB,image extension but header signature mismatch,2023-10-21 16:24:08
E:\328桌面\忆童时光\._IMG_8498.JPG,4096,4.00 KB,image extension but header signature mismatch,2023-10-21 16:24:08
E:\328桌面\忆童时光\._IMG_8495副本.jpg,4096,4.00 KB,image extension but header signature mismatch,2023-10-21 16:24:08
E:\328桌面\忆童时光\._IMG_8492副本.jpg,4096,4.00 KB,image extension but header signature mismatch,2023-10-21 16:24:08
E:\328桌面\忆童时光\._IMG_8494副本.jpg,4096,4.00 KB,image extension but header signature mismatch,2023-10-21 16:24:16
E:\328桌面\忆童时光\._IMG_8496副本.jpg,4096,4.00 KB,image extension but header signature mismatch,2023-10-21 16:24:16
E:\328桌面\忆童时光\._IMG_8496.JPG,4096,4.00 KB,image extension but header signature mismatch,2023-10-21 16:24:42
E:\328桌面\忆童时光\._IMG_8499副本.JPG,4096,4.00 KB,image extension but header signature mismatch,2023-10-21 16:24:42
E:\328桌面\忆童时光\._IMG_8495.JPG,4096,4.00 KB,image extension but header signature mismatch,2023-10-21 16:24:42
E:\328桌面\忆童时光\._IMG_8494.JPG,4096,4.00 KB,image extension but header signature mismatch,2023-10-21 16:24:47
E:\328桌面\忆童时光\._IMG_8493.JPG,4096,4.00 KB,image extension but header signature mismatch,2023-10-21 16:24:50
E:\328桌面\忆童时光\._IMG_8492.JPG,4096,4.00 KB,image extension but header signature mismatch,2023-10-21 16:24:50
E:\328桌面\忆童时光\001\._主图3.jpg,4096,4.00 KB,image extension but header signature mismatch,2023-10-21 16:24:08
E:\328桌面\忆童时光\001\._主图2.jpg,4096,4.00 KB,image extension but header signature mismatch,2023-10-21 16:24:08
E:\328桌面\忆童时光\001\._主图1.jpg,4096,4.00 KB,image extension but header signature mismatch,2023-10-21 16:24:08
E:\328桌面\忆童时光\001\._主图5.jpg,4096,4.00 KB,image extension but header signature mismatch,2023-10-21 16:24:08
E:\328桌面\忆童时光\001\._主图4.jpg,4096,4.00 KB,image extension but header signature mismatch,2023-10-21 16:24:08
E:\328桌面\忆童时光\001\0509原片\._117A3826.JPG,4096,4.00 KB,image extension but header signature mismatch,2023-10-21 16:24:08
E:\328桌面\忆童时光\001\0509原片\._117A3832.JPG,4096,4.00 KB,image extension but header signature mismatch,2023-10-21 16:24:08
E:\328桌面\忆童时光\001\0509原片\._117A4146.JPG,4096,4.00 KB,image extension but header signature mismatch,2023-10-21 16:24:08
E:\328桌面\忆童时光\001\0509原片\._117A3417.JPG,4096,4.00 KB,image extension but header signature mismatch,2023-10-21 16:24:08
E:\328桌面\忆童时光\001\0509原片\._117A4230.JPG,4096,4.00 KB,image extension but header signature mismatch,2023-10-21 16:24:08
E:\328桌面\忆童时光\001\0509原片\._117A3563.JPG,4096,4.00 KB,image extension but header signature mismatch,2023-10-21 16:24:08
E:\328桌面\忆童时光\001\0509原片\._117A3749.JPG,4096,4.00 KB,image extension but header signature mismatch,2023-10-21 16:24:08
E:\328桌面\忆童时光\001\0509原片\._117A4026.JPG,4096,4.00 KB,image extension but header signature mismatch,2023-10-21 16:24:08
E:\328桌面\忆童时光\001\0509原片\._117A4033.JPG,4096,4.00 KB,image extension but header signature mismatch,2023-10-21 16:24:08
E:\328桌面\忆童时光\001\0509原片\._117A3748.JPG,4096,4.00 KB,image extension but header signature mismatch,2023-10-21 16:24:08
E:\328桌面\忆童时光\001\0509原片\._117A3947.JPG,4096,4.00 KB,image extension but header signature mismatch,2023-10-21 16:24:08
E:\328桌面\忆童时光\001\0509原片\._117A3589.JPG,4096,4.00 KB,image extension but header signature mismatch,2023-10-21 16:24:08
E:\328桌面\忆童时光\001\0509原片\._117A3370.JPG,4096,4.00 KB,image extension but header signature mismatch,2023-10-21 16:24:08
E:\328桌面\忆童时光\001\0509原片\._117A4147.JPG,4096,4.00 KB,image extension but header signature mismatch,2023-10-21 16:24:08
E:\328桌面\忆童时光\001\0509原片\._117A3827.JPG,4096,4.00 KB,image extension but header signature mismatch,2023-10-21 16:24:08
E:\328桌面\忆童时光\001\0509原片\._117A3825.JPG,4096,4.00 KB,image extension but header signature mismatch,2023-10-21 16:24:08
E:\328桌面\忆童时光\001\0509原片\._117A3372.JPG,4096,4.00 KB,image extension but header signature mismatch,2023-10-21 16:24:08
E:\328桌面\忆童时光\001\0509原片\._117A3951.JPG,4096,4.00 KB,image extension but header signature mismatch,2023-10-21 16:24:08
E:\328桌面\忆童时光\001\0509原片\._117A3986.JPG,4096,4.00 KB,image extension but header signature mismatch,2023-10-21 16:24:09
E:\328桌面\忆童时光\001\0509原片\._117A4019.JPG,4096,4.00 KB,image extension but header signature mismatch,2023-10-21 16:24:09
E:\328桌面\忆童时光\001\0509原片\._117A3978.JPG,4096,4.00 KB,image extension but header signature mismatch,2023-10-21 16:24:09
E:\328桌面\忆童时光\001\0509原片\._117A3367.JPG,4096,4.00 KB,image extension but header signature mismatch,2023-10-21 16:24:09
E:\328桌面\忆童时光\001\0509原片\._117A3824.JPG,4096,4.00 KB,image extension but header signature mismatch,2023-10-21 16:24:09
E:\328桌面\忆童时光\001\0509原片\._117A3834.JPG,4096,4.00 KB,image extension but header signature mismatch,2023-10-21 16:24:09
E:\328桌面\忆童时光\001\0509原片\._117A3820.JPG,4096,4.00 KB,image extension but header signature mismatch,2023-10-21 16:24:09
E:\328桌面\忆童时光\001\0509原片\._117A4140.JPG,4096,4.00 KB,image extension but header signature mismatch,2023-10-21 16:24:09
E:\328桌面\忆童时光\001\0509原片\._117A4154.JPG,4096,4.00 KB,image extension but header signature mismatch,2023-10-21 16:24:09
E:\328桌面\忆童时光\001\0509原片\._117A3377.JPG,4096,4.00 KB,image extension but header signature mismatch,2023-10-21 16:24:09
E:\328桌面\忆童时光\001\0509原片\._117A3439.JPG,4096,4.00 KB,image extension but header signature mismatch,2023-10-21 16:24:09
E:\328桌面\忆童时光\001\0509原片\._117A4222.JPG,4096,4.00 KB,image extension but header signature mismatch,2023-10-21 16:24:09
E:\328桌面\忆童时光\001\0509原片\._117A4035.JPG,4096,4.00 KB,image extension but header signature mismatch,2023-10-21 16:24:09
E:\328桌面\忆童时光\001\0509原片\._117A3438.JPG,4096,4.00 KB,image extension but header signature mismatch,2023-10-21 16:24:09
E:\328桌面\忆童时光\001\0509原片\._117A3376.JPG,4096,4.00 KB,image extension but header signature mismatch,2023-10-21 16:24:09
E:\328桌面\忆童时光\001\0509原片\._117A3606.JPG,4096,4.00 KB,image extension but header signature mismatch,2023-10-21 16:24:09
E:\328桌面\忆童时光\001\0509原片\._117A3821.JPG,4096,4.00 KB,image extension but header signature mismatch,2023-10-21 16:24:09
E:\328桌面\忆童时光\001\0509原片\._117A4182.JPG,4096,4.00 KB,image extension but header signature mismatch,2023-10-21 16:24:09
E:\328桌面\忆童时光\001\0509原片\._117A3809.JPG,4096,4.00 KB,image extension but header signature mismatch,2023-10-21 16:24:09
E:\328桌面\忆童时光\001\0509原片\._117A3823.JPG,4096,4.00 KB,image extension but header signature mismatch,2023-10-21 16:24:09
E:\328桌面\忆童时光\001\0509原片\._117A3604.JPG,4096,4.00 KB,image extension but header signature mismatch,2023-10-21 16:24:09
E:\328桌面\忆童时光\001\0509原片\._117A3957.JPG,4096,4.00 KB,image extension but header signature mismatch,2023-10-21 16:24:09
E:\328桌面\忆童时光\001\0509原片\._117A3942.JPG,4096,4.00 KB,image extension but header signature mismatch,2023-10-21 16:24:09
E:\328桌面\忆童时光\001\0509原片\._117A3956.JPG,4096,4.00 KB,image extension but header signature mismatch,2023-10-21 16:24:10
E:\328桌面\忆童时光\001\0509原片\._117A3361.JPG,4096,4.00 KB,image extension but header signature mismatch,2023-10-21 16:24:10
E:\328桌面\忆童时光\001\0509原片\._117A3611.JPG,4096,4.00 KB,image extension but header signature mismatch,2023-10-21 16:24:10
E:\328桌面\忆童时光\001\0509原片\._117A3836.JPG,4096,4.00 KB,image extension but header signature mismatch,2023-10-21 16:24:10
E:\328桌面\忆童时光\001\0509原片\._117A3851.JPG,4096,4.00 KB,image extension but header signature mismatch,2023-10-21 16:24:10
E:\328桌面\忆童时光\001\0509原片\._117A3886.JPG,4096,4.00 KB,image extension but header signature mismatch,2023-10-21 16:24:10
E:\328桌面\忆童时光\001\0509原片\._117A3892.JPG,4096,4.00 KB,image extension but header signature mismatch,2023-10-21 16:24:10
E:\328桌面\忆童时光\001\0509原片\._117A3312.JPG,4096,4.00 KB,image extension but header signature mismatch,2023-10-21 16:24:10
E:\328桌面\忆童时光\001\0509原片\._117A3474.JPG,4096,4.00 KB,image extension but header signature mismatch,2023-10-21 16:24:10
E:\328桌面\忆童时光\001\0509原片\._117A4118.JPG,4096,4.00 KB,image extension but header signature mismatch,2023-10-21 16:24:10
E:\328桌面\忆童时光\001\0509原片\._117A4124.JPG,4096,4.00 KB,image extension but header signature mismatch,2023-10-21 16:24:10
E:\328桌面\忆童时光\001\0509原片\._117A4130.JPG,4096,4.00 KB,image extension but header signature mismatch,2023-10-21 16:24:10
E:\328桌面\忆童时光\001\0509原片\._117A3887.JPG,4096,4.00 KB,image extension but header signature mismatch,2023-10-21 16:24:10
E:\328桌面\忆童时光\001\0509原片\._117A3852.JPG,4096,4.00 KB,image extension but header signature mismatch,2023-10-21 16:24:10
E:\328桌面\忆童时光\001\0509原片\._117A3846.JPG,4096,4.00 KB,image extension but header signature mismatch,2023-10-21 16:24:10
E:\328桌面\忆童时光\001\0509原片\._117A3339.JPG,4096,4.00 KB,image extension but header signature mismatch,2023-10-21 16:24:10
E:\328桌面\忆童时光\001\0509原片\._117A3463.JPG,4096,4.00 KB,image extension but header signature mismatch,2023-10-21 16:24:10
E:\328桌面\忆童时光\001\0509原片\._117A4091.JPG,4096,4.00 KB,image extension but header signature mismatch,2023-10-21 16:24:10
E:\328桌面\忆童时光\001\0509原片\._117A4085.JPG,4096,4.00 KB,image extension but header signature mismatch,2023-10-21 16:24:10
E:\328桌面\忆童时光\001\0509原片\._117A4053.JPG,4096,4.00 KB,image extension but header signature mismatch,2023-10-21 16:24:10
E:\328桌面\忆童时光\001\0509原片\._117A4090.JPG,4096,4.00 KB,image extension but header signature mismatch,2023-10-21 16:24:10
E:\328桌面\忆童时光\001\0509原片\._117A3516.JPG,4096,4.00 KB,image extension but header signature mismatch,2023-10-21 16:24:10
E:\328桌面\忆童时光\001\0509原片\._117A3476.JPG,4096,4.00 KB,image extension but header signature mismatch,2023-10-21 16:24:10
E:\328桌面\忆童时光\001\0509原片\._117A3660.JPG,4096,4.00 KB,image extension but header signature mismatch,2023-10-21 16:24:10
E:\328桌面\忆童时光\001\0509原片\._117A3674.JPG,4096,4.00 KB,image extension but header signature mismatch,2023-10-21 16:24:11
E:\328桌面\忆童时光\001\0509原片\._117A3884.JPG,4096,4.00 KB,image extension but header signature mismatch,2023-10-21 16:24:11
E:\328桌面\忆童时光\001\0509原片\._117A3847.JPG,4096,4.00 KB,image extension but header signature mismatch,2023-10-21 16:24:11
E:\328桌面\忆童时光\001\0509原片\._117A3853.JPG,4096,4.00 KB,image extension but header signature mismatch,2023-10-21 16:24:11
E:\328桌面\忆童时光\001\0509原片\._117A3472.JPG,4096,4.00 KB,image extension but header signature mismatch,2023-10-21 16:24:11
E:\328桌面\忆童时光\001\0509原片\._117A3710.JPG,4096,4.00 KB,image extension but header signature mismatch,2023-10-21 16:24:11
E:\328桌面\忆童时光\001\0509原片\._117A4042.JPG,4096,4.00 KB,image extension but header signature mismatch,2023-10-21 16:24:11
E:\328桌面\忆童时光\001\0509原片\._117A3739.JPG,4096,4.00 KB,image extension but header signature mismatch,2023-10-21 16:24:11
E:\328桌面\忆童时光\001\0509原片\._117A4095.JPG,4096,4.00 KB,image extension but header signature mismatch,2023-10-21 16:24:11
E:\328桌面\忆童时光\001\0509原片\._117A3261.JPG,4096,4.00 KB,image extension but header signature mismatch,2023-10-21 16:24:11
E:\328桌面\忆童时光\001\0509原片\._117A3315.JPG,4096,4.00 KB,image extension but header signature mismatch,2023-10-21 16:24:11
E:\328桌面\忆童时光\001\0509原片\._117A3473.JPG,4096,4.00 KB,image extension but header signature mismatch,2023-10-21 16:24:11
E:\328桌面\忆童时光\001\0509原片\._117A3840.JPG,4096,4.00 KB,image extension but header signature mismatch,2023-10-21 16:24:11
E:\328桌面\忆童时光\001\0509原片\._117A3673.JPG,4096,4.00 KB,image extension but header signature mismatch,2023-10-21 16:24:11
E:\328桌面\忆童时光\001\0509原片\._117A4120.JPG,4096,4.00 KB,image extension but header signature mismatch,2023-10-21 16:24:11
E:\328桌面\忆童时光\001\0509原片\._117A3471.JPG,4096,4.00 KB,image extension but header signature mismatch,2023-10-21 16:24:11
E:\328桌面\忆童时光\001\0509原片\._117A3317.JPG,4096,4.00 KB,image extension but header signature mismatch,2023-10-21 16:24:11
E:\328桌面\忆童时光\001\0509原片\._117A3505.JPG,4096,4.00 KB,image extension but header signature mismatch,2023-10-21 16:24:11
E:\328桌面\忆童时光\001\0509原片\._117A3263.JPG,4096,4.00 KB,image extension but header signature mismatch,2023-10-21 16:24:11
E:\328桌面\忆童时光\001\0509原片\._117A3908.JPG,4096,4.00 KB,image extension but header signature mismatch,2023-10-21 16:24:11
E:\328桌面\忆童时光\001\0509原片\._117A4083.JPG,4096,4.00 KB,image extension but header signature mismatch,2023-10-21 16:24:11
E:\328桌面\忆童时光\001\0509原片\._117A3920.JPG,4096,4.00 KB,image extension but header signature mismatch,2023-10-21 16:24:11
E:\328桌面\忆童时光\001\0509原片\._117A3707.JPG,4096,4.00 KB,image extension but header signature mismatch,2023-10-21 16:24:11
E:\328桌面\忆童时光\001\0509原片\._117A4054.JPG,4096,4.00 KB,image extension but header signature mismatch,2023-10-21 16:24:11
E:\328桌面\忆童时光\001\0509原片\._117A4069.JPG,4096,4.00 KB,image extension but header signature mismatch,2023-10-21 16:24:12
E:\328桌面\忆童时光\001\0509原片\._117A4096.JPG,4096,4.00 KB,image extension but header signature mismatch,2023-10-21 16:24:12
E:\328桌面\忆童时光\001\0509原片\._117A4082.JPG,4096,4.00 KB,image extension but header signature mismatch,2023-10-21 16:24:12
E:\328桌面\忆童时光\001\0509原片\._117A3504.JPG,4096,4.00 KB,image extension but header signature mismatch,2023-10-21 16:24:12
E:\328桌面\忆童时光\001\0509原片\._117A3289.JPG,4096,4.00 KB,image extension but header signature mismatch,2023-10-21 16:24:12
E:\328桌面\忆童时光\001\0509原片\._117A3470.JPG,4096,4.00 KB,image extension but header signature mismatch,2023-10-21 16:24:12
E:\328桌面\忆童时光\001\0509原片\._117A4135.JPG,4096,4.00 KB,image extension but header signature mismatch,2023-10-21 16:24:12
E:\328桌面\忆童时光\001\0509原片\._117A3666.JPG,4096,4.00 KB,image extension but header signature mismatch,2023-10-21 16:24:12
E:\328桌面\忆童时光\001\0509原片\._117A3841.JPG,4096,4.00 KB,image extension but header signature mismatch,2023-10-21 16:24:12
E:\328桌面\忆童时光\001\0509原片\._117A4110.JPG,4096,4.00 KB,image extension but header signature mismatch,2023-10-21 16:24:12
E:\328桌面\忆童时光\001\0509原片\._117A4104.JPG,4096,4.00 KB,image extension but header signature mismatch,2023-10-21 16:24:12
E:\328桌面\忆童时光\001\0509原片\._117A3643.JPG,4096,4.00 KB,image extension but header signature mismatch,2023-10-21 16:24:12
E:\328桌面\忆童时光\001\0509原片\._117A3904.JPG,4096,4.00 KB,image extension but header signature mismatch,2023-10-21 16:24:12
E:\328桌面\忆童时光\001\0509原片\._117A4064.JPG,4096,4.00 KB,image extension but header signature mismatch,2023-10-21 16:24:12
E:\328桌面\忆童时光\001\0509原片\._117A4059.JPG,4096,4.00 KB,image extension but header signature mismatch,2023-10-21 16:24:12
E:\328桌面\忆童时光\001\0509原片\._117A3939.JPG,4096,4.00 KB,image extension but header signature mismatch,2023-10-21 16:24:12
E:\328桌面\忆童时光\001\0509原片\._117A3905.JPG,4096,4.00 KB,image extension but header signature mismatch,2023-10-21 16:24:12
E:\328桌面\忆童时光\001\0509原片\._117A3285.JPG,4096,4.00 KB,image extension but header signature mismatch,2023-10-21 16:24:12
E:\328桌面\忆童时光\001\0509原片\._117A3326.JPG,4096,4.00 KB,image extension but header signature mismatch,2023-10-21 16:24:12
E:\328桌面\忆童时光\001\0509原片\._117A3656.JPG,4096,4.00 KB,image extension but header signature mismatch,2023-10-21 16:24:12
E:\328桌面\忆童时光\001\0509原片\._117A4105.JPG,4096,4.00 KB,image extension but header signature mismatch,2023-10-21 16:24:12
E:\328桌面\忆童时光\001\0509原片\._117A3859.JPG,4096,4.00 KB,image extension but header signature mismatch,2023-10-21 16:24:12
E:\328桌面\忆童时光\001\0509原片\._117A3681.JPG,4096,4.00 KB,image extension but header signature mismatch,2023-10-21 16:24:12
E:\328桌面\忆童时光\001\0509原片\._117A3873.JPG,4096,4.00 KB,image extension but header signature mismatch,2023-10-21 16:24:12
E:\328桌面\忆童时光\001\0509原片\._117A3697.JPG,4096,4.00 KB,image extension but header signature mismatch,2023-10-21 16:24:13
E:\328桌面\忆童时光\001\0509原片\._117A4107.JPG,4096,4.00 KB,image extension but header signature mismatch,2023-10-21 16:24:13
E:\328桌面\忆童时光\001\0509原片\._117A3668.JPG,4096,4.00 KB,image extension but header signature mismatch,2023-10-21 16:24:13
E:\328桌面\忆童时光\001\0509原片\._117A3442.JPG,4096,4.00 KB,image extension but header signature mismatch,2023-10-21 16:24:13
E:\328桌面\忆童时光\001\0509原片\._117A3913.JPG,4096,4.00 KB,image extension but header signature mismatch,2023-10-21 16:24:13
E:\328桌面\忆童时光\001\0509原片\._117A4098.JPG,4096,4.00 KB,image extension but header signature mismatch,2023-10-21 16:24:13
E:\328桌面\忆童时光\001\0509原片\._117A4067.JPG,4096,4.00 KB,image extension but header signature mismatch,2023-10-21 16:24:13
E:\328桌面\忆童时光\001\0509原片\._117A4099.JPG,4096,4.00 KB,image extension but header signature mismatch,2023-10-21 16:24:13
E:\328桌面\忆童时光\001\0509原片\._117A3292.JPG,4096,4.00 KB,image extension but header signature mismatch,2023-10-21 16:24:13
E:\328桌面\忆童时光\001\0509原片\._117A3443.JPG,4096,4.00 KB,image extension but header signature mismatch,2023-10-21 16:24:13
E:\328桌面\忆童时光\001\0509原片\._117A3669.JPG,4096,4.00 KB,image extension but header signature mismatch,2023-10-21 16:24:13
E:\328桌面\忆童时光\001\0509原片\._117A3866.JPG,4096,4.00 KB,image extension but header signature mismatch,2023-10-21 16:24:13
E:\328桌面\忆童时光\001\0509原片\._117A3862.JPG,4096,4.00 KB,image extension but header signature mismatch,2023-10-21 16:24:13
E:\328桌面\忆童时光\001\0509原片\._117A4102.JPG,4096,4.00 KB,image extension but header signature mismatch,2023-10-21 16:24:13
E:\328桌面\忆童时光\001\0509原片\._117A4116.JPG,4096,4.00 KB,image extension but header signature mismatch,2023-10-21 16:24:13
E:\328桌面\忆童时光\001\0509原片\._117A3484.JPG,4096,4.00 KB,image extension but header signature mismatch,2023-10-21 16:24:13
E:\328桌面\忆童时光\001\0509原片\._117A3453.JPG,4096,4.00 KB,image extension but header signature mismatch,2023-10-21 16:24:13
E:\328桌面\忆童时光\001\0509原片\._117A3282.JPG,4096,4.00 KB,image extension but header signature mismatch,2023-10-21 16:24:13
E:\328桌面\忆童时光\001\0509原片\._117A3296.JPG,4096,4.00 KB,image extension but header signature mismatch,2023-10-21 16:24:13
E:\328桌面\忆童时光\001\0509原片\._117A3527.JPG,4096,4.00 KB,image extension but header signature mismatch,2023-10-21 16:24:13
E:\328桌面\忆童时光\001\0509原片\._117A3902.JPG,4096,4.00 KB,image extension but header signature mismatch,2023-10-21 16:24:13
E:\328桌面\忆童时光\001\0509原片\._117A4062.JPG,4096,4.00 KB,image extension but header signature mismatch,2023-10-21 16:24:13
E:\328桌面\忆童时光\001\0509原片\._117A4063.JPG,4096,4.00 KB,image extension but header signature mismatch,2023-10-21 16:24:13
E:\328桌面\忆童时光\001\0509原片\._117A3730.JPG,4096,4.00 KB,image extension but header signature mismatch,2023-10-21 16:24:13
E:\328桌面\忆童时光\001\0509原片\._117A3917.JPG,4096,4.00 KB,image extension but header signature mismatch,2023-10-21 16:24:14
E:\328桌面\忆童时光\001\0509原片\._117A3903.JPG,4096,4.00 KB,image extension but header signature mismatch,2023-10-21 16:24:14
E:\328桌面\忆童时光\001\0509原片\._117A3485.JPG,4096,4.00 KB,image extension but header signature mismatch,2023-10-21 16:24:14
E:\328桌面\忆童时光\001\0509原片\._117A4103.JPG,4096,4.00 KB,image extension but header signature mismatch,2023-10-21 16:24:14
E:\328桌面\忆童时光\001\0509原片\._117A3687.JPG,4096,4.00 KB,image extension but header signature mismatch,2023-10-21 16:24:14
E:\328桌面\忆童时光\001\0509原片\._117A3685.JPG,4096,4.00 KB,image extension but header signature mismatch,2023-10-21 16:24:14
E:\328桌面\忆童时光\001\0509原片\._117A3849.JPG,4096,4.00 KB,image extension but header signature mismatch,2023-10-21 16:24:14
E:\328桌面\忆童时光\001\0509原片\._117A4101.JPG,4096,4.00 KB,image extension but header signature mismatch,2023-10-21 16:24:14
E:\328桌面\忆童时光\001\0509原片\._117A3336.JPG,4096,4.00 KB,image extension but header signature mismatch,2023-10-21 16:24:14
E:\328桌面\忆童时光\001\0509原片\._117A3281.JPG,4096,4.00 KB,image extension but header signature mismatch,2023-10-21 16:24:14
E:\328桌面\忆童时光\001\0509原片\._117A3929.JPG,4096,4.00 KB,image extension but header signature mismatch,2023-10-21 16:24:14
E:\328桌面\忆童时光\001\0509原片\._117A3726.JPG,4096,4.00 KB,image extension but header signature mismatch,2023-10-21 16:24:14
E:\328桌面\忆童时光\001\0509原片\._117A4061.JPG,4096,4.00 KB,image extension but header signature mismatch,2023-10-21 16:24:14
E:\328桌面\忆童时光\001\0509原片\._117A4060.JPG,4096,4.00 KB,image extension but header signature mismatch,2023-10-21 16:24:14
E:\328桌面\忆童时光\001\0509原片\._117A3486.JPG,4096,4.00 KB,image extension but header signature mismatch,2023-10-21 16:24:14
E:\328桌面\忆童时光\001\0509原片\._117A4114.JPG,4096,4.00 KB,image extension but header signature mismatch,2023-10-21 16:24:14
E:\328桌面\忆童时光\001\0509原片\._117A3653.JPG,4096,4.00 KB,image extension but header signature mismatch,2023-10-21 16:24:14
E:\328桌面\忆童时光\001\0509原片\._117A3860.JPG,4096,4.00 KB,image extension but header signature mismatch,2023-10-21 16:24:14
E:\328桌面\忆童时光\001\0509原片\._117A3848.JPG,4096,4.00 KB,image extension but header signature mismatch,2023-10-21 16:24:14
E:\328桌面\忆童时光\001\0509原片\._117A3813.JPG,4096,4.00 KB,image extension but header signature mismatch,2023-10-21 16:24:14
E:\328桌面\忆童时光\001\0509原片\._117A3620.JPG,4096,4.00 KB,image extension but header signature mismatch,2023-10-21 16:24:15
E:\328桌面\忆童时光\001\0509原片\._117A3378.JPG,4096,4.00 KB,image extension but header signature mismatch,2023-10-21 16:24:15
E:\328桌面\忆童时光\001\0509原片\._117A3556.JPG,4096,4.00 KB,image extension but header signature mismatch,2023-10-21 16:24:15
E:\328桌面\忆童时光\001\0509原片\._117A3768.JPG,4096,4.00 KB,image extension but header signature mismatch,2023-10-21 16:24:15
E:\328桌面\忆童时光\001\0509原片\._117A4013.JPG,4096,4.00 KB,image extension but header signature mismatch,2023-10-21 16:24:15
E:\328桌面\忆童时光\001\0509原片\._117A3754.JPG,4096,4.00 KB,image extension but header signature mismatch,2023-10-21 16:24:15
E:\328桌面\忆童时光\001\0509原片\._117A3998.JPG,4096,4.00 KB,image extension but header signature mismatch,2023-10-21 16:24:15
E:\328桌面\忆童时光\001\0509原片\._117A3999.JPG,4096,4.00 KB,image extension but header signature mismatch,2023-10-21 16:24:15
E:\328桌面\忆童时光\001\0509原片\._117A4006.JPG,4096,4.00 KB,image extension but header signature mismatch,2023-10-21 16:24:15
E:\328桌面\忆童时光\001\0509原片\._117A3769.JPG,4096,4.00 KB,image extension but header signature mismatch,2023-10-21 16:24:15
E:\328桌面\忆童时光\001\0509原片\._117A3796.JPG,4096,4.00 KB,image extension but header signature mismatch,2023-10-21 16:24:15
E:\328桌面\忆童时光\001\0509原片\._117A3966.JPG,4096,4.00 KB,image extension but header signature mismatch,2023-10-21 16:24:15
E:\328桌面\忆童时光\001\0509原片\._117A3423.JPG,4096,4.00 KB,image extension but header signature mismatch,2023-10-21 16:24:15
E:\328桌面\忆童时光\001\0509原片\._117A3386.JPG,4096,4.00 KB,image extension but header signature mismatch,2023-10-21 16:24:15
E:\328桌面\忆童时光\001\0509原片\._117A3635.JPG,4096,4.00 KB,image extension but header signature mismatch,2023-10-21 16:24:15
E:\328桌面\忆童时光\001\0509原片\._117A3806.JPG,4096,4.00 KB,image extension but header signature mismatch,2023-10-21 16:24:15
E:\328桌面\忆童时光\001\0509原片\._117A3838.JPG,4096,4.00 KB,image extension but header signature mismatch,2023-10-21 16:24:15
E:\328桌面\忆童时光\001\0509原片\._117A3623.JPG,4096,4.00 KB,image extension but header signature mismatch,2023-10-21 16:24:15
E:\328桌面\忆童时光\001\0509原片\._117A3421.JPG,4096,4.00 KB,image extension but header signature mismatch,2023-10-21 16:24:15
E:\328桌面\忆童时光\001\0509原片\._117A3541.JPG,4096,4.00 KB,image extension but header signature mismatch,2023-10-21 16:24:15
E:\328桌面\忆童时光\001\0509原片\._117A3970.JPG,4096,4.00 KB,image extension but header signature mismatch,2023-10-21 16:24:15
E:\328桌面\忆童时光\001\0509原片\._117A4004.JPG,4096,4.00 KB,image extension but header signature mismatch,2023-10-21 16:24:15
E:\328桌面\忆童时光\001\0509原片\._117A4005.JPG,4096,4.00 KB,image extension but header signature mismatch,2023-10-21 16:24:15
E:\328桌面\忆童时光\001\0509原片\._117A4011.JPG,4096,4.00 KB,image extension but header signature mismatch,2023-10-21 16:24:15
E:\328桌面\忆童时光\001\0509原片\._117A3965.JPG,4096,4.00 KB,image extension but header signature mismatch,2023-10-21 16:24:15
E:\328桌面\忆童时光\001\0509原片\._117A3434.JPG,4096,4.00 KB,image extension but header signature mismatch,2023-10-21 16:24:16
E:\328桌面\忆童时光\001\0509原片\._117A3622.JPG,4096,4.00 KB,image extension but header signature mismatch,2023-10-21 16:24:16
E:\328桌面\忆童时光\001\0509原片\._117A3805.JPG,4096,4.00 KB,image extension but header signature mismatch,2023-10-21 16:24:16
E:\328桌面\忆童时光\001\0509原片\._117A3430.JPG,4096,4.00 KB,image extension but header signature mismatch,2023-10-21 16:24:16
E:\328桌面\忆童时光\001\0509原片\._117A3587.JPG,4096,4.00 KB,image extension but header signature mismatch,2023-10-21 16:24:16
E:\328桌面\忆童时光\001\0509原片\._117A3593.JPG,4096,4.00 KB,image extension but header signature mismatch,2023-10-21 16:24:16
E:\328桌面\忆童时光\001\0509原片\._117A3746.JPG,4096,4.00 KB,image extension but header signature mismatch,2023-10-21 16:24:16
E:\328桌面\忆童时光\001\0509原片\._117A4000.JPG,4096,4.00 KB,image extension but header signature mismatch,2023-10-21 16:24:16
E:\328桌面\忆童时光\001\0509原片\._117A3974.JPG,4096,4.00 KB,image extension but header signature mismatch,2023-10-21 16:24:16
E:\328桌面\忆童时光\001\0509原片\._117A3948.JPG,4096,4.00 KB,image extension but header signature mismatch,2023-10-21 16:24:16
E:\328桌面\忆童时光\001\0509原片\._117A4148.JPG,4096,4.00 KB,image extension but header signature mismatch,2023-10-21 16:24:16
E:\328桌面\忆童时光\001\0509原片\._117A3627.JPG,4096,4.00 KB,image extension but header signature mismatch,2023-10-21 16:24:16
E:\328桌面\忆童时光\001\0509原片\._117A3625.JPG,4096,4.00 KB,image extension but header signature mismatch,2023-10-21 16:24:16
E:\328桌面\忆童时光\001\0509原片\._117A3590.JPG,4096,4.00 KB,image extension but header signature mismatch,2023-10-21 16:24:16
E:\328桌面\忆童时光\001\0509原片\._117A4214.JPG,4096,4.00 KB,image extension but header signature mismatch,2023-10-21 16:24:16
E:\328桌面\忆童时光\001\0509原片\._117A3989.JPG,4096,4.00 KB,image extension but header signature mismatch,2023-10-21 16:24:16
E:\328桌面\忆童时光\001\0509原片\._117A3745.JPG,4096,4.00 KB,image extension but header signature mismatch,2023-10-21 16:24:16
E:\328桌面\忆童时光\001\0509原片\._117A4002.JPG,4096,4.00 KB,image extension but header signature mismatch,2023-10-21 16:24:16
E:\328桌面\忆童时光\001\0509原片\._117A3750.JPG,4096,4.00 KB,image extension but header signature mismatch,2023-10-21 16:24:16
E:\328桌面\忆童时光\001\0509原片\._117A3585.JPG,4096,4.00 KB,image extension but header signature mismatch,2023-10-21 16:24:16
E:\328桌面\忆童时光\001\0509原片\._117A3624.JPG,4096,4.00 KB,image extension but header signature mismatch,2023-10-21 16:24:16
E:\328桌面\忆童时光\001\0509原片\._117A3803.JPG,4096,4.00 KB,image extension but header signature mismatch,2023-10-21 16:24:16
E:\328桌面\忆童时光\精修\._IMG_7331副本.jpg,4096,4.00 KB,image extension but header signature mismatch,2023-10-21 16:24:31
E:\328桌面\忆童时光\精修\._IMG_7197.JPG,4096,4.00 KB,image extension but header signature mismatch,2023-10-21 16:24:31
E:\328桌面\忆童时光\精修\._IMG_7342.JPG,4096,4.00 KB,image extension but header signature mismatch,2023-10-21 16:24:31
E:\328桌面\忆童时光\精修\._IMG_7395.JPG,4096,4.00 KB,image extension but header signature mismatch,2023-10-21 16:24:31
E:\328桌面\忆童时光\精修\._IMG_7220.JPG,4096,4.00 KB,image extension but header signature mismatch,2023-10-21 16:24:31
E:\328桌面\忆童时光\精修\._IMG_7397.JPG,4096,4.00 KB,image extension but header signature mismatch,2023-10-21 16:24:31
E:\328桌面\忆童时光\精修\._IMG_7195.JPG,4096,4.00 KB,image extension but header signature mismatch,2023-10-21 16:24:31
E:\328桌面\忆童时光\精修\._IMG_740811.jpg,4096,4.00 KB,image extension but header signature mismatch,2023-10-21 16:24:31
E:\328桌面\忆童时光\精修\._IMG_7619.JPG,4096,4.00 KB,image extension but header signature mismatch,2023-10-21 16:24:32
E:\328桌面\忆童时光\精修\._IMG_7396.JPG,4096,4.00 KB,image extension but header signature mismatch,2023-10-21 16:24:32
E:\328桌面\忆童时光\精修\._IMG_7221.JPG,4096,4.00 KB,image extension but header signature mismatch,2023-10-21 16:24:32
E:\328桌面\忆童时光\精修\._IMG_7219.JPG,4096,4.00 KB,image extension but header signature mismatch,2023-10-21 16:24:32
E:\328桌面\忆童时光\精修\._IMG_7379.JPG,4096,4.00 KB,image extension but header signature mismatch,2023-10-21 16:24:32
E:\328桌面\忆童时光\精修\._IMG_7332-new.jpg,4096,4.00 KB,image extension but header signature mismatch,2023-10-21 16:24:32
E:\328桌面\忆童时光\精修\._IMG_7185.JPG,4096,4.00 KB,image extension but header signature mismatch,2023-10-21 16:24:32
E:\328桌面\忆童时光\精修\._IMG_7378.JPG,4096,4.00 KB,image extension but header signature mismatch,2023-10-21 16:24:32
E:\328桌面\忆童时光\精修\._IMG_7218.JPG,4096,4.00 KB,image extension but header signature mismatch,2023-10-21 16:24:32
E:\328桌面\忆童时光\精修\._IMG_7232.JPG,4096,4.00 KB,image extension but header signature mismatch,2023-10-21 16:24:32
E:\328桌面\忆童时光\精修\._IMG_7408.JPG,4096,4.00 KB,image extension but header signature mismatch,2023-10-21 16:24:32
E:\328桌面\忆童时光\精修\._IMG_7409.JPG,4096,4.00 KB,image extension but header signature mismatch,2023-10-21 16:24:32
E:\328桌面\忆童时光\精修\._IMG_7335副本.jpg,4096,4.00 KB,image extension but header signature mismatch,2023-10-21 16:24:32
E:\328桌面\忆童时光\精修\._IMG_7233.JPG,4096,4.00 KB,image extension but header signature mismatch,2023-10-21 16:24:32
E:\328桌面\忆童时光\精修\._IMG_7724.JPG,4096,4.00 KB,image extension but header signature mismatch,2023-10-21 16:24:32
E:\328桌面\忆童时光\精修\._IMG_7730.jpg,4096,4.00 KB,image extension but header signature mismatch,2023-10-21 16:24:32
E:\328桌面\忆童时光\精修\._IMG_7334.JPG,4096,4.00 KB,image extension but header signature mismatch,2023-10-21 16:24:32
E:\328桌面\忆童时光\精修\._IMG_7693.JPG,4096,4.00 KB,image extension but header signature mismatch,2023-10-21 16:24:32
E:\328桌面\忆童时光\精修\._IMG_7692.JPG,4096,4.00 KB,image extension but header signature mismatch,2023-10-21 16:24:32
E:\328桌面\忆童时光\精修\._IMG_7335.JPG,4096,4.00 KB,image extension but header signature mismatch,2023-10-21 16:24:32
E:\328桌面\忆童时光\精修\._IMG_7527.JPG,4096,4.00 KB,image extension but header signature mismatch,2023-10-21 16:24:32
E:\328桌面\忆童时光\精修\._IMG_7332副本.jpg,4096,4.00 KB,image extension but header signature mismatch,2023-10-21 16:24:32
E:\328桌面\忆童时光\精修\._IMG_7731.JPG,4096,4.00 KB,image extension but header signature mismatch,2023-10-21 16:24:32
E:\328桌面\忆童时光\精修\._IMG_7725.JPG,4096,4.00 KB,image extension but header signature mismatch,2023-10-21 16:24:33
E:\328桌面\忆童时光\精修\._IMG_7727.JPG,4096,4.00 KB,image extension but header signature mismatch,2023-10-21 16:24:33
E:\328桌面\忆童时光\精修\._IMG_7519.JPG,4096,4.00 KB,image extension but header signature mismatch,2023-10-21 16:24:33
E:\328桌面\忆童时光\精修\._IMG_7525.JPG,4096,4.00 KB,image extension but header signature mismatch,2023-10-21 16:24:33
E:\328桌面\忆童时光\精修\._IMG_7243.JPG,4096,4.00 KB,image extension but header signature mismatch,2023-10-21 16:24:33
E:\328桌面\忆童时光\精修\._IMG_7445.JPG,4096,4.00 KB,image extension but header signature mismatch,2023-10-21 16:24:33
E:\328桌面\忆童时光\精修\._IMG_7337.JPG,4096,4.00 KB,image extension but header signature mismatch,2023-10-21 16:24:33
E:\328桌面\忆童时光\精修\._IMG_7690.JPG,4096,4.00 KB,image extension but header signature mismatch,2023-10-21 16:24:33
E:\328桌面\忆童时光\精修\._IMG_7691.JPG,4096,4.00 KB,image extension but header signature mismatch,2023-10-21 16:24:33
E:\328桌面\忆童时光\精修\._IMG_7450.JPG,4096,4.00 KB,image extension but header signature mismatch,2023-10-21 16:24:33
E:\328桌面\忆童时光\精修\._IMG_7336.JPG,4096,4.00 KB,image extension but header signature mismatch,2023-10-21 16:24:33
E:\328桌面\忆童时光\精修\._IMG_7444.JPG,4096,4.00 KB,image extension but header signature mismatch,2023-10-21 16:24:33
E:\328桌面\忆童时光\精修\._IMG_7524.JPG,4096,4.00 KB,image extension but header signature mismatch,2023-10-21 16:24:33
E:\328桌面\忆童时光\精修\._IMG_7518.JPG,4096,4.00 KB,image extension but header signature mismatch,2023-10-21 16:24:33
E:\328桌面\忆童时光\精修\._IMG_7726.JPG,4096,4.00 KB,image extension but header signature mismatch,2023-10-21 16:24:33
E:\328桌面\忆童时光\精修\._IMG_7722.JPG,4096,4.00 KB,image extension but header signature mismatch,2023-10-21 16:24:33
E:\328桌面\忆童时光\精修\._IMG_7246.JPG,4096,4.00 KB,image extension but header signature mismatch,2023-10-21 16:24:33
E:\328桌面\忆童时光\精修\._IMG_7520.JPG,4096,4.00 KB,image extension but header signature mismatch,2023-10-21 16:24:33
E:\328桌面\忆童时光\精修\._IMG_7508.JPG,4096,4.00 KB,image extension but header signature mismatch,2023-10-21 16:24:33
E:\328桌面\忆童时光\精修\._IMG_7332.JPG,4096,4.00 KB,image extension but header signature mismatch,2023-10-21 16:24:33
E:\328桌面\忆童时光\精修\._IMG_7695.JPG,4096,4.00 KB,image extension but header signature mismatch,2023-10-21 16:24:34
E:\328桌面\忆童时光\精修\._IMG_7694.JPG,4096,4.00 KB,image extension but header signature mismatch,2023-10-21 16:24:34
E:\328桌面\忆童时光\精修\._IMG_7334副本.jpg,4096,4.00 KB,image extension but header signature mismatch,2023-10-21 16:24:34
E:\328桌面\忆童时光\精修\._IMG_7327.JPG,4096,4.00 KB,image extension but header signature mismatch,2023-10-21 16:24:34
E:\328桌面\忆童时光\精修\._IMG_7509.JPG,4096,4.00 KB,image extension but header signature mismatch,2023-10-21 16:24:34
E:\328桌面\忆童时光\精修\._IMG_7247.JPG,4096,4.00 KB,image extension but header signature mismatch,2023-10-21 16:24:34
E:\328桌面\忆童时光\精修\._IMG_7521.JPG,4096,4.00 KB,image extension but header signature mismatch,2023-10-21 16:24:34
E:\328桌面\忆童时光\精修\._IMG_7723.JPG,4096,4.00 KB,image extension but header signature mismatch,2023-10-21 16:24:34
E:\328桌面\忆童时光\精修\._IMG_7721.JPG,4096,4.00 KB,image extension but header signature mismatch,2023-10-21 16:24:34
E:\328桌面\忆童时光\精修\._IMG_7523.JPG,4096,4.00 KB,image extension but header signature mismatch,2023-10-21 16:24:34
E:\328桌面\忆童时光\精修\._IMG_7245.JPG,4096,4.00 KB,image extension but header signature mismatch,2023-10-21 16:24:34
E:\328桌面\忆童时光\精修\._IMG_7251.JPG,4096,4.00 KB,image extension but header signature mismatch,2023-10-21 16:24:34
E:\328桌面\忆童时光\精修\._IMG_7331.JPG,4096,4.00 KB,image extension but header signature mismatch,2023-10-21 16:24:34
E:\328桌面\忆童时光\精修\._IMG_7443.JPG,4096,4.00 KB,image extension but header signature mismatch,2023-10-21 16:24:34
E:\328桌面\忆童时光\精修\._IMG_7696.JPG,4096,4.00 KB,image extension but header signature mismatch,2023-10-21 16:24:34
E:\328桌面\忆童时光\精修\._IMG_7442.JPG,4096,4.00 KB,image extension but header signature mismatch,2023-10-21 16:24:34
E:\328桌面\忆童时光\精修\._IMG_7250.JPG,4096,4.00 KB,image extension but header signature mismatch,2023-10-21 16:24:34
E:\328桌面\忆童时光\精修\._IMG_7522.JPG,4096,4.00 KB,image extension but header signature mismatch,2023-10-21 16:24:35
E:\328桌面\忆童时光\精修\._IMG_7244.JPG,4096,4.00 KB,image extension but header signature mismatch,2023-10-21 16:24:35
E:\328桌面\忆童时光\精修\._IMG_7720.JPG,4096,4.00 KB,image extension but header signature mismatch,2023-10-21 16:24:35
E:\328桌面\忆童时光\精修\._IMG_7249.JPG,4096,4.00 KB,image extension but header signature mismatch,2023-10-21 16:24:35
E:\328桌面\忆童时光\精修\._IMG_7507.JPG,4096,4.00 KB,image extension but header signature mismatch,2023-10-21 16:24:35
E:\328桌面\忆童时光\精修\._IMG_7513.JPG,4096,4.00 KB,image extension but header signature mismatch,2023-10-21 16:24:35
E:\328桌面\忆童时光\精修\._IMG_7329.JPG,4096,4.00 KB,image extension but header signature mismatch,2023-10-21 16:24:35
E:\328桌面\忆童时光\精修\._Snapseed.jpg,4096,4.00 KB,image extension but header signature mismatch,2023-10-21 16:24:35
E:\328桌面\忆童时光\精修\._IMG_7328.JPG,4096,4.00 KB,image extension but header signature mismatch,2023-10-21 16:24:35
E:\328桌面\忆童时光\精修\._IMG_7512.JPG,4096,4.00 KB,image extension but header signature mismatch,2023-10-21 16:24:35
E:\328桌面\忆童时光\精修\._IMG_7506.JPG,4096,4.00 KB,image extension but header signature mismatch,2023-10-21 16:24:35
E:\328桌面\忆童时光\精修\._IMG_7248.JPG,4096,4.00 KB,image extension but header signature mismatch,2023-10-21 16:24:36
E:\328桌面\忆童时光\精修\._IMG_7704.jpg,4096,4.00 KB,image extension but header signature mismatch,2023-10-21 16:24:36
E:\328桌面\忆童时光\精修\._IMG_7510.JPG,4096,4.00 KB,image extension but header signature mismatch,2023-10-21 16:24:38
E:\328桌面\忆童时光\精修\._IMG_7699.JPG,4096,4.00 KB,image extension but header signature mismatch,2023-10-21 16:24:38
E:\328桌面\忆童时光\精修\._IMG_7698.JPG,4096,4.00 KB,image extension but header signature mismatch,2023-10-21 16:24:38
E:\328桌面\忆童时光\精修\._IMG_7511.JPG,4096,4.00 KB,image extension but header signature mismatch,2023-10-21 16:24:38
E:\328桌面\忆童时光\精修\._IMG_7515.JPG,4096,4.00 KB,image extension but header signature mismatch,2023-10-21 16:24:38
E:\328桌面\忆童时光\精修\._IMG_7688.JPG,4096,4.00 KB,image extension but header signature mismatch,2023-10-21 16:24:38
E:\328桌面\忆童时光\精修\._IMG_7689.JPG,4096,4.00 KB,image extension but header signature mismatch,2023-10-21 16:24:38
E:\328桌面\忆童时光\精修\._IMG_7514.JPG,4096,4.00 KB,image extension but header signature mismatch,2023-10-21 16:24:38
E:\328桌面\忆童时光\精修\._IMG_7702.JPG,4096,4.00 KB,image extension but header signature mismatch,2023-10-21 16:24:38
E:\328桌面\忆童时光\精修\._IMG_7700.JPG,4096,4.00 KB,image extension but header signature mismatch,2023-10-21 16:24:38
E:\328桌面\忆童时光\精修\._IMG_7728.JPG,4096,4.00 KB,image extension but header signature mismatch,2023-10-21 16:24:38
E:\328桌面\忆童时光\精修\._IMG_7502.JPG,4096,4.00 KB,image extension but header signature mismatch,2023-10-21 16:24:38
E:\328桌面\忆童时光\精修\._IMG_7516.JPG,4096,4.00 KB,image extension but header signature mismatch,2023-10-21 16:24:38
E:\328桌面\忆童时光\精修\._IMG_7338.JPG,4096,4.00 KB,image extension but header signature mismatch,2023-10-21 16:24:38
E:\328桌面\忆童时光\精修\._IMG_7517.JPG,4096,4.00 KB,image extension but header signature mismatch,2023-10-21 16:24:38
E:\328桌面\忆童时光\精修\._IMG_7503.JPG,4096,4.00 KB,image extension but header signature mismatch,2023-10-21 16:24:38
E:\328桌面\忆童时光\精修\._IMG_7701.jpg,4096,4.00 KB,image extension but header signature mismatch,2023-10-21 16:24:38
E:\328桌面\忆童时光\精修\._IMG_7389.JPG,4096,4.00 KB,image extension but header signature mismatch,2023-10-21 16:24:38
E:\328桌面\忆童时光\精修\._IMG_7410.JPG,4096,4.00 KB,image extension but header signature mismatch,2023-10-21 16:24:38
E:\328桌面\忆童时光\精修\._IMG_7405.JPG,4096,4.00 KB,image extension but header signature mismatch,2023-10-21 16:24:38
E:\328桌面\忆童时光\精修\._IMG_7411.JPG,4096,4.00 KB,image extension but header signature mismatch,2023-10-21 16:24:38
E:\328桌面\忆童时光\精修\._IMG_7377.JPG,4096,4.00 KB,image extension but header signature mismatch,2023-10-21 16:24:38
E:\328桌面\忆童时光\精修\._IMG_7203.JPG,4096,4.00 KB,image extension but header signature mismatch,2023-10-21 16:24:39
E:\328桌面\忆童时光\精修\._IMG_7407.JPG,4096,4.00 KB,image extension but header signature mismatch,2023-10-21 16:24:39
E:\328桌面\忆童时光\精修\._IMG_7413.JPG,4096,4.00 KB,image extension but header signature mismatch,2023-10-21 16:24:39
E:\328桌面\忆童时光\精修\._IMG_7412.JPG,4096,4.00 KB,image extension but header signature mismatch,2023-10-21 16:24:39
E:\328桌面\忆童时光\精修\._IMG_7406.JPG,4096,4.00 KB,image extension but header signature mismatch,2023-10-21 16:24:39
E:\328桌面\忆童时光\精修\._IMG_7200.JPG,4096,4.00 KB,image extension but header signature mismatch,2023-10-21 16:24:39
E:\328桌面\忆童时光\精修\._IMG_7398.JPG,4096,4.00 KB,image extension but header signature mismatch,2023-10-21 16:24:39
E:\328桌面\忆童时光\精修\._IMG_7400.JPG,4096,4.00 KB,image extension but header signature mismatch,2023-10-21 16:24:39
E:\328桌面\忆童时光\精修\._IMG_7399.JPG,4096,4.00 KB,image extension but header signature mismatch,2023-10-21 16:24:39
E:\328桌面\忆童时光\选中\._117A4191.JPG,4096,4.00 KB,image extension but header signature mismatch,2023-10-21 16:24:39
E:\328桌面\忆童时光\选中\._117A3365.JPG,4096,4.00 KB,image extension but header signature mismatch,2023-10-21 16:24:39
E:\328桌面\忆童时光\选中\._117A3628.JPG,4096,4.00 KB,image extension but header signature mismatch,2023-10-21 16:24:39
E:\328桌面\忆童时光\选中\._117A3819.JPG,4096,4.00 KB,image extension but header signature mismatch,2023-10-21 16:24:39
E:\328桌面\忆童时光\选中\._117A4145.JPG,4096,4.00 KB,image extension but header signature mismatch,2023-10-21 16:24:39
E:\328桌面\忆童时光\选中\._117A4233.JPG,4096,4.00 KB,image extension but header signature mismatch,2023-10-21 16:24:39
E:\328桌面\忆童时光\选中\._117A3561.JPG,4096,4.00 KB,image extension but header signature mismatch,2023-10-21 16:24:39
E:\328桌面\忆童时光\选中\._117A3617.JPG,4096,4.00 KB,image extension but header signature mismatch,2023-10-21 16:24:39
E:\328桌面\忆童时光\选中\._117A3808.JPG,4096,4.00 KB,image extension but header signature mismatch,2023-10-21 16:24:40
E:\328桌面\忆童时光\选中\._117A3940.JPG,4096,4.00 KB,image extension but header signature mismatch,2023-10-21 16:24:40
E:\328桌面\忆童时光\选中\._117A3955.JPG,4096,4.00 KB,image extension but header signature mismatch,2023-10-21 16:24:40
E:\328桌面\忆童时光\选中\._117A3612.JPG,4096,4.00 KB,image extension but header signature mismatch,2023-10-21 16:24:40
E:\328桌面\忆童时光\选中\._117A3348.JPG,4096,4.00 KB,image extension but header signature mismatch,2023-10-21 16:24:40
E:\328桌面\忆童时光\选中\._117A3994.JPG,4096,4.00 KB,image extension but header signature mismatch,2023-10-21 16:24:40
E:\328桌面\忆童时光\选中\._117A3981.JPG,4096,4.00 KB,image extension but header signature mismatch,2023-10-21 16:24:40
E:\328桌面\忆童时光\选中\._117A3995.JPG,4096,4.00 KB,image extension but header signature mismatch,2023-10-21 16:24:40
E:\328桌面\忆童时光\选中\._117A3822.JPG,4096,4.00 KB,image extension but header signature mismatch,2023-10-21 16:24:40
E:\328桌面\忆童时光\选中\._117A4125.JPG,4096,4.00 KB,image extension but header signature mismatch,2023-10-21 16:24:40
E:\328桌面\忆童时光\选中\._117A3676.JPG,4096,4.00 KB,image extension but header signature mismatch,2023-10-21 16:24:40
E:\328桌面\忆童时光\选中\._117A4086.JPG,4096,4.00 KB,image extension but header signature mismatch,2023-10-21 16:24:40
E:\328桌面\忆童时光\选中\._117A3661.JPG,4096,4.00 KB,image extension but header signature mismatch,2023-10-21 16:24:40
E:\328桌面\忆童时光\选中\._117A3305.JPG,4096,4.00 KB,image extension but header signature mismatch,2023-10-21 16:24:40
E:\328桌面\忆童时光\选中\._117A3729.JPG,4096,4.00 KB,image extension but header signature mismatch,2023-10-21 16:24:40
E:\328桌面\忆童时光\选中\._117A3502.JPG,4096,4.00 KB,image extension but header signature mismatch,2023-10-21 16:24:40
E:\328桌面\忆童时光\选中\._117A3338.JPG,4096,4.00 KB,image extension but header signature mismatch,2023-10-21 16:24:41
E:\328桌面\忆童时光\选中\._117A3890.JPG,4096,4.00 KB,image extension but header signature mismatch,2023-10-21 16:24:41
E:\328桌面\忆童时光\选中\._117A3897.JPG,4096,4.00 KB,image extension but header signature mismatch,2023-10-21 16:24:41
E:\328桌面\忆童时光\选中\._117A4055.JPG,4096,4.00 KB,image extension but header signature mismatch,2023-10-21 16:24:41
E:\328桌面\忆童时光\选中\._117A3441.JPG,4096,4.00 KB,image extension but header signature mismatch,2023-10-21 16:24:41
E:\328桌面\忆童时光\选中\._117A3333.JPG,4096,4.00 KB,image extension but header signature mismatch,2023-10-21 16:24:41
E:\328桌面\忆童时光\选中\._117A3911.JPG,4096,4.00 KB,image extension but header signature mismatch,2023-10-21 16:24:41
E:\328桌面\忆童时光\选中\._117A3495.JPG,4096,4.00 KB,image extension but header signature mismatch,2023-10-21 16:24:41
E:\328桌面\忆童时光\选中\._117A3456.JPG,4096,4.00 KB,image extension but header signature mismatch,2023-10-21 16:24:41
E:\328桌面\忆童时光\选中\._117A3286.JPG,4096,4.00 KB,image extension but header signature mismatch,2023-10-21 16:24:41
E:\328桌面\忆童时光\选中\._117A3331.JPG,4096,4.00 KB,image extension but header signature mismatch,2023-10-21 16:24:41
E:\328桌面\忆童时光\选中\._117A3724.JPG,4096,4.00 KB,image extension but header signature mismatch,2023-10-21 16:24:41
E:\328桌面\忆童时光\选中\._117A3450.JPG,4096,4.00 KB,image extension but header signature mismatch,2023-10-21 16:24:41
E:\328桌面\忆童时光\选中\._117A3525.JPG,4096,4.00 KB,image extension but header signature mismatch,2023-10-21 16:24:41
E:\328桌面\忆童时光\选中\._117A3581.JPG,4096,4.00 KB,image extension but header signature mismatch,2023-10-21 16:24:41
E:\328桌面\忆童时光\选中\._117A3379.JPG,4096,4.00 KB,image extension but header signature mismatch,2023-10-21 16:24:41
E:\328桌面\忆童时光\选中\._117A3353.JPG,4096,4.00 KB,image extension but header signature mismatch,2023-10-21 16:24:41
E:\328桌面\忆童时光\选中\._117A4014.JPG,4096,4.00 KB,image extension but header signature mismatch,2023-10-21 16:24:41
E:\328桌面\忆童时光\选中\._117A3747.JPG,4096,4.00 KB,image extension but header signature mismatch,2023-10-21 16:24:41
E:\328桌面\忆童时光\选中\._117A3419.JPG,4096,4.00 KB,image extension but header signature mismatch,2023-10-21 16:24:41
E:\328桌面\忆童时光\选中\._117A3814.JPG,4096,4.00 KB,image extension but header signature mismatch,2023-10-21 16:24:41
E:\328桌面\忆童时光\选中\._117A3962.JPG,4096,4.00 KB,image extension but header signature mismatch,2023-10-21 16:24:41
E:\328桌面\忆童时光\选中\._117A4215.JPG,4096,4.00 KB,image extension but header signature mismatch,2023-10-21 16:24:42
E:\328桌面\忆童时光\选中\._117A3432.JPG,4096,4.00 KB,image extension but header signature mismatch,2023-10-21 16:24:42
E:\328桌面\忆童时光\选中\._117A3383.JPG,4096,4.00 KB,image extension but header signature mismatch,2023-10-21 16:24:42
E:\328桌面\忆童时光\选中\._117A3630.JPG,4096,4.00 KB,image extension but header signature mismatch,2023-10-21 16:24:42
E:\328桌面\忆童时光\002\._117A3021的副本.JPG,4096,4.00 KB,image extension but header signature mismatch,2023-10-21 16:24:42
E:\328桌面\忆童时光\002\._117A3042的副本.JPG,4096,4.00 KB,image extension but header signature mismatch,2023-10-21 16:24:42
E:\328桌面\忆童时光\002\._117A3050的副本.JPG,4096,4.00 KB,image extension but header signature mismatch,2023-10-21 16:24:42
E:\328桌面\忆童时光\002\._117A3005的副本.JPG,4096,4.00 KB,image extension but header signature mismatch,2023-10-21 16:24:42
E:\328桌面\忆童时光\002\._117A3066的副本.JPG,4096,4.00 KB,image extension but header signature mismatch,2023-10-21 16:24:42
E:\328桌面\忆童时光\002\._117A2982的副本.JPG,4096,4.00 KB,image extension but header signature mismatch,2023-10-21 16:24:43
E:\328桌面\忆童时光\002\._117A3009的副本.JPG,4096,4.00 KB,image extension but header signature mismatch,2023-10-21 16:24:43
E:\328桌面\忆童时光\002\._117A3074的副本.JPG,4096,4.00 KB,image extension but header signature mismatch,2023-10-21 16:24:43
E:\328桌面\忆童时光\002\._117A2955的副本.JPG,4096,4.00 KB,image extension but header signature mismatch,2023-10-21 16:24:43
E:\328桌面\忆童时光\002\._117A2855的副本.JPG,4096,4.00 KB,image extension but header signature mismatch,2023-10-21 16:24:43
E:\328桌面\忆童时光\002\._117A2847的副本.JPG,4096,4.00 KB,image extension but header signature mismatch,2023-10-21 16:24:43
E:\328桌面\忆童时光\002\._117A2947的副本.JPG,4096,4.00 KB,image extension but header signature mismatch,2023-10-21 16:24:43
E:\328桌面\忆童时光\002\._117A2912的副本.JPG,4096,4.00 KB,image extension but header signature mismatch,2023-10-21 16:24:43
E:\328桌面\忆童时光\002\._117A2945的副本.JPG,4096,4.00 KB,image extension but header signature mismatch,2023-10-21 16:24:43
E:\328桌面\忆童时光\002\._117A2857的副本.JPG,4096,4.00 KB,image extension but header signature mismatch,2023-10-21 16:24:43
E:\328桌面\忆童时光\002\._117A2949的副本.JPG,4096,4.00 KB,image extension but header signature mismatch,2023-10-21 16:24:43
E:\328桌面\忆童时光\002\._117A2973的副本.JPG,4096,4.00 KB,image extension but header signature mismatch,2023-10-21 16:24:43
E:\328桌面\忆童时光\002\._117A3052的副本.JPG,4096,4.00 KB,image extension but header signature mismatch,2023-10-21 16:24:43
E:\328桌面\忆童时光\002\._117A3031的副本.JPG,4096,4.00 KB,image extension but header signature mismatch,2023-10-21 16:24:43
E:\328桌面\忆童时光\002\._117A3040的副本.JPG,4096,4.00 KB,image extension but header signature mismatch,2023-10-21 16:24:43
E:\328桌面\忆童时光\002\._117A3023的副本.JPG,4096,4.00 KB,image extension but header signature mismatch,2023-10-21 16:24:43
E:\328桌面\忆童时光\002\._117A2980的副本.JPG,4096,4.00 KB,image extension but header signature mismatch,2023-10-21 16:24:43
E:\328桌面\忆童时光\002\._117A3007的副本.JPG,4096,4.00 KB,image extension but header signature mismatch,2023-10-21 16:24:43
E:\328桌面\忆童时光\002\._117A2977的副本.JPG,4096,4.00 KB,image extension but header signature mismatch,2023-10-21 16:24:43
E:\328桌面\忆童时光\002\._117A2853 2的副本.JPG,4096,4.00 KB,image extension but header signature mismatch,2023-10-21 16:24:43
E:\328桌面\忆童时光\002\._117A2918的副本.JPG,4096,4.00 KB,image extension but header signature mismatch,2023-10-21 16:24:43
E:\328桌面\忆童时光\002\._117A2953的副本.JPG,4096,4.00 KB,image extension but header signature mismatch,2023-10-21 16:24:43
E:\328桌面\忆童时光\002\._117A2853的副本.JPG,4096,4.00 KB,image extension but header signature mismatch,2023-10-21 16:24:44
E:\328桌面\忆童时光\002\._117A2888的副本.JPG,4096,4.00 KB,image extension but header signature mismatch,2023-10-21 16:24:44
E:\328桌面\忆童时光\002\._117A2988的副本.JPG,4096,4.00 KB,image extension but header signature mismatch,2023-10-21 16:24:44
E:\328桌面\忆童时光\002\._117A2996的副本.JPG,4096,4.00 KB,image extension but header signature mismatch,2023-10-21 16:24:44
E:\328桌面\忆童时光\002\._117A3003的副本.JPG,4096,4.00 KB,image extension but header signature mismatch,2023-10-21 16:24:44
E:\328桌面\忆童时光\002\._117A2884的副本.JPG,4096,4.00 KB,image extension but header signature mismatch,2023-10-21 16:24:44
E:\328桌面\忆童时光\002\._117A3011的副本.JPG,4096,4.00 KB,image extension but header signature mismatch,2023-10-21 16:24:44
E:\328桌面\忆童时光\002\._117A3044的副本.JPG,4096,4.00 KB,image extension but header signature mismatch,2023-10-21 16:24:44
E:\328桌面\忆童时光\002\._117A3039的副本.JPG,4096,4.00 KB,image extension but header signature mismatch,2023-10-21 16:24:44
E:\328桌面\忆童时光\002\._117A3027的副本.JPG,4096,4.00 KB,image extension but header signature mismatch,2023-10-21 16:24:44
E:\328桌面\忆童时光\002\._117A3048的副本.JPG,4096,4.00 KB,image extension but header signature mismatch,2023-10-21 16:24:44
E:\328桌面\忆童时光\002\._117A3035的副本.JPG,4096,4.00 KB,image extension but header signature mismatch,2023-10-21 16:24:44
E:\328桌面\忆童时光\002\._117A3013的副本.JPG,4096,4.00 KB,image extension but header signature mismatch,2023-10-21 16:24:44
E:\328桌面\忆童时光\002\._117A2994的副本.JPG,4096,4.00 KB,image extension but header signature mismatch,2023-10-21 16:24:44
E:\328桌面\忆童时光\002\._117A3054的副本.JPG,4096,4.00 KB,image extension but header signature mismatch,2023-10-21 16:24:44
E:\328桌面\忆童时光\002\._117A3046的副本.JPG,4096,4.00 KB,image extension but header signature mismatch,2023-10-21 16:24:44
E:\328桌面\忆童时光\002\._117A2979的副本.JPG,4096,4.00 KB,image extension but header signature mismatch,2023-10-21 16:24:44
E:\328桌面\忆童时光\002\._117A2879的副本.JPG,4096,4.00 KB,image extension but header signature mismatch,2023-10-21 16:24:44
E:\328桌面\忆童时光\002\._117A2904的副本.JPG,4096,4.00 KB,image extension but header signature mismatch,2023-10-21 16:24:44
E:\328桌面\忆童时光\002\._117A2916的副本.JPG,4096,4.00 KB,image extension but header signature mismatch,2023-10-21 16:24:44
E:\328桌面\忆童时光\002\._117A2943的副本.JPG,4096,4.00 KB,image extension but header signature mismatch,2023-10-21 16:24:44
E:\328桌面\忆童时光\002\._117A2951的副本.JPG,4096,4.00 KB,image extension but header signature mismatch,2023-10-21 16:24:44
E:\328桌面\忆童时光\002\._117A2851的副本.JPG,4096,4.00 KB,image extension but header signature mismatch,2023-10-21 16:24:44
E:\328桌面\忆童时光\002\._117A2870的副本.JPG,4096,4.00 KB,image extension but header signature mismatch,2023-10-21 16:24:45
E:\328桌面\忆童时光\002\._117A2913的副本.JPG,4096,4.00 KB,image extension but header signature mismatch,2023-10-21 16:24:45
E:\328桌面\忆童时光\002\._117A2946的副本.JPG,4096,4.00 KB,image extension but header signature mismatch,2023-10-21 16:24:45
E:\328桌面\忆童时光\002\._117A2846的副本.JPG,4096,4.00 KB,image extension but header signature mismatch,2023-10-21 16:24:45
E:\328桌面\忆童时光\002\._117A2858的副本.JPG,4096,4.00 KB,image extension but header signature mismatch,2023-10-21 16:24:45
E:\328桌面\忆童时光\002\._117A3004的副本.JPG,4096,4.00 KB,image extension but header signature mismatch,2023-10-21 16:24:45
E:\328桌面\忆童时光\002\._117A2991的副本.JPG,4096,4.00 KB,image extension but header signature mismatch,2023-10-21 16:24:45
E:\328桌面\忆童时光\002\._117A3008的副本.JPG,4096,4.00 KB,image extension but header signature mismatch,2023-10-21 16:24:45
E:\328桌面\忆童时光\002\._117A3043的副本.JPG,4096,4.00 KB,image extension but header signature mismatch,2023-10-21 16:24:45
E:\328桌面\忆童时光\002\._117A3020的副本.JPG,4096,4.00 KB,image extension but header signature mismatch,2023-10-21 16:24:45
E:\328桌面\忆童时光\002\._117A3051的副本.JPG,4096,4.00 KB,image extension but header signature mismatch,2023-10-21 16:24:45
E:\328桌面\忆童时光\002\._117A2881的副本.JPG,4096,4.00 KB,image extension but header signature mismatch,2023-10-21 16:24:45
E:\328桌面\忆童时光\002\._117A2981的副本.JPG,4096,4.00 KB,image extension but header signature mismatch,2023-10-21 16:24:45
E:\328桌面\忆童时光\002\._117A3014的副本.JPG,4096,4.00 KB,image extension but header signature mismatch,2023-10-21 16:24:45
E:\328桌面\忆童时光\002\._117A2993的副本.JPG,4096,4.00 KB,image extension but header signature mismatch,2023-10-21 16:24:45
E:\328桌面\忆童时光\002\._117A2893的副本.JPG,4096,4.00 KB,image extension but header signature mismatch,2023-10-21 16:24:45
E:\328桌面\忆童时光\002\._117A3006的副本.JPG,4096,4.00 KB,image extension but header signature mismatch,2023-10-21 16:24:45
E:\328桌面\忆童时光\002\._117A3018的副本.JPG,4096,4.00 KB,image extension but header signature mismatch,2023-10-21 16:24:45
E:\328桌面\忆童时光\002\._117A3030的副本.JPG,4096,4.00 KB,image extension but header signature mismatch,2023-10-21 16:24:45
E:\328桌面\忆童时光\002\._117A3053的副本.JPG,4096,4.00 KB,image extension but header signature mismatch,2023-10-21 16:24:45
E:\328桌面\忆童时光\002\._117A3041的副本.JPG,4096,4.00 KB,image extension but header signature mismatch,2023-10-21 16:24:45
E:\328桌面\忆童时光\002\._117A2903的副本.JPG,4096,4.00 KB,image extension but header signature mismatch,2023-10-21 16:24:46
E:\328桌面\忆童时光\002\._117A2860的副本.JPG,4096,4.00 KB,image extension but header signature mismatch,2023-10-21 16:24:46
E:\328桌面\忆童时光\002\._117A2960的副本.JPG,4096,4.00 KB,image extension but header signature mismatch,2023-10-21 16:24:46
E:\328桌面\忆童时光\002\._117A2972的副本.JPG,4096,4.00 KB,image extension but header signature mismatch,2023-10-21 16:24:46
E:\328桌面\忆童时光\002\._117A2872的副本.JPG,4096,4.00 KB,image extension but header signature mismatch,2023-10-21 16:24:46
E:\328桌面\忆童时光\002\._117A2944的副本.JPG,4096,4.00 KB,image extension but header signature mismatch,2023-10-21 16:24:46
E:\328桌面\忆童时光\002\._117A2948的副本.JPG,4096,4.00 KB,image extension but header signature mismatch,2023-10-21 16:24:46
E:\328桌面\忆童时光\002\._117A2935的副本.JPG,4096,4.00 KB,image extension but header signature mismatch,2023-10-21 16:24:46
E:\328桌面\忆童时光\002\._117A2956的副本.JPG,4096,4.00 KB,image extension but header signature mismatch,2023-10-21 16:24:46
E:\328桌面\忆童时光\002\._117A3038的副本.JPG,4096,4.00 KB,image extension but header signature mismatch,2023-10-21 16:24:46
E:\328桌面\忆童时光\002\._117A3049的副本.JPG,4096,4.00 KB,image extension but header signature mismatch,2023-10-21 16:24:46
E:\328桌面\忆童时光\002\._117A2997的副本.JPG,4096,4.00 KB,image extension but header signature mismatch,2023-10-21 16:24:46
E:\328桌面\忆童时光\002\._117A3002的副本.JPG,4096,4.00 KB,image extension but header signature mismatch,2023-10-21 16:24:46
E:\328桌面\忆童时光\002\._117A2889的副本.JPG,4096,4.00 KB,image extension but header signature mismatch,2023-10-21 16:24:46
E:\328桌面\忆童时光\002\._117A3061的副本.JPG,4096,4.00 KB,image extension but header signature mismatch,2023-10-21 16:24:46
E:\328桌面\忆童时光\002\._117A2985的副本.JPG,4096,4.00 KB,image extension but header signature mismatch,2023-10-21 16:24:46
E:\328桌面\忆童时光\002\._117A3073的副本.JPG,4096,4.00 KB,image extension but header signature mismatch,2023-10-21 16:24:46
E:\328桌面\忆童时光\002\._117A2931的副本.JPG,4096,4.00 KB,image extension but header signature mismatch,2023-10-21 16:24:46
E:\328桌面\忆童时光\002\._117A2952的副本.JPG,4096,4.00 KB,image extension but header signature mismatch,2023-10-21 16:24:46
E:\328桌面\忆童时光\002\._117A2868的副本.JPG,4096,4.00 KB,image extension but header signature mismatch,2023-10-21 16:24:46
E:\328桌面\忆童时光\002\._117A2907的副本.JPG,4096,4.00 KB,image extension but header signature mismatch,2023-10-21 16:24:46
E:\328桌面\忆童时光\002\._117A2864的副本.JPG,4096,4.00 KB,image extension but header signature mismatch,2023-10-21 16:24:47
E:\328桌面\忆童时光\002\._117A2942的副本.JPG,4096,4.00 KB,image extension but header signature mismatch,2023-10-21 16:24:47
E:\328桌面\忆童时光\002\._117A2950的副本.JPG,4096,4.00 KB,image extension but header signature mismatch,2023-10-21 16:24:47
E:\328桌面\忆童时光\002\._117A2933的副本.JPG,4096,4.00 KB,image extension but header signature mismatch,2023-10-21 16:24:47
E:\328桌面\忆童时光\002\._117A2905的副本.JPG,4096,4.00 KB,image extension but header signature mismatch,2023-10-21 16:24:47
E:\328桌面\忆童时光\002\._117A2978的副本.JPG,4096,4.00 KB,image extension but header signature mismatch,2023-10-21 16:24:47
E:\328桌面\忆童时光\002\._117A2909的副本.JPG,4096,4.00 KB,image extension but header signature mismatch,2023-10-21 16:24:47
E:\328桌面\忆童时光\002\._117A2974的副本.JPG,4096,4.00 KB,image extension but header signature mismatch,2023-10-21 16:24:47
E:\328桌面\忆童时光\002\._117A3055的副本.JPG,4096,4.00 KB,image extension but header signature mismatch,2023-10-21 16:24:47
E:\328桌面\忆童时光\002\._117A3036的副本.JPG,4096,4.00 KB,image extension but header signature mismatch,2023-10-21 16:24:47
E:\328桌面\忆童时光\002\._117A3047的副本.JPG,4096,4.00 KB,image extension but header signature mismatch,2023-10-21 16:24:47
E:\328桌面\忆童时光\002\._117A3024的副本.JPG,4096,4.00 KB,image extension but header signature mismatch,2023-10-21 16:24:47
E:\328桌面\忆童时光\002\._117A3012的副本.JPG,4096,4.00 KB,image extension but header signature mismatch,2023-10-21 16:24:47
E:\328桌面\忆童时光\002\._117A3000的副本.JPG,4096,4.00 KB,image extension but header signature mismatch,2023-10-21 16:24:47
E:\328桌面\忆童时光\002\._117A2995的副本.JPG,4096,4.00 KB,image extension but header signature mismatch,2023-10-21 16:24:47
E:\328桌面\忆童时光\重新调色\._IMG_7342.jpg,4096,4.00 KB,image extension but header signature mismatch,2023-10-21 16:24:47
E:\328桌面\忆童时光\重新调色\._IMG_7395.jpg,4096,4.00 KB,image extension but header signature mismatch,2023-10-21 16:24:48
E:\328桌面\忆童时光\重新调色\._IMG_7405副本.jpg,4096,4.00 KB,image extension but header signature mismatch,2023-10-21 16:24:48
E:\328桌面\忆童时光\重新调色\._IMG_7220.jpg,4096,4.00 KB,image extension but header signature mismatch,2023-10-21 16:24:48
E:\328桌面\忆童时光\重新调色\._IMG_7397.jpg,4096,4.00 KB,image extension but header signature mismatch,2023-10-21 16:24:48
E:\328桌面\忆童时光\重新调色\._IMG_7396.jpg,4096,4.00 KB,image extension but header signature mismatch,2023-10-21 16:24:48
E:\328桌面\忆童时光\重新调色\._IMG_7221.jpg,4096,4.00 KB,image extension but header signature mismatch,2023-10-21 16:24:48
E:\328桌面\忆童时光\重新调色\._IMG_7335--12.jpg,4096,4.00 KB,image extension but header signature mismatch,2023-10-21 16:24:48
E:\328桌面\忆童时光\重新调色\._IMG_8493副本.jpg,4096,4.00 KB,image extension but header signature mismatch,2023-10-21 16:24:48
E:\328桌面\忆童时光\重新调色\._IMG_7219.jpg,4096,4.00 KB,image extension but header signature mismatch,2023-10-21 16:24:48
E:\328桌面\忆童时光\重新调色\._IMG_7379.jpg,4096,4.00 KB,image extension but header signature mismatch,2023-10-21 16:24:48
E:\328桌面\忆童时光\重新调色\._IMG_7332-new.jpg,4096,4.00 KB,image extension but header signature mismatch,2023-10-21 16:24:48
E:\328桌面\忆童时光\重新调色\._IMG_7378.jpg,4096,4.00 KB,image extension but header signature mismatch,2023-10-21 16:24:48
E:\328桌面\忆童时光\重新调色\._IMG_7218.jpg,4096,4.00 KB,image extension but header signature mismatch,2023-10-21 16:24:48
E:\328桌面\忆童时光\重新调色\._IMG_7331-.jpg,4096,4.00 KB,image extension but header signature mismatch,2023-10-21 16:24:48
E:\328桌面\忆童时光\重新调色\._IMG_7232.jpg,4096,4.00 KB,image extension but header signature mismatch,2023-10-21 16:24:48
E:\328桌面\忆童时光\重新调色\._IMG_7408.jpg,4096,4.00 KB,image extension but header signature mismatch,2023-10-21 16:24:48
E:\328桌面\忆童时光\重新调色\._IMG_8495副本.jpg,4096,4.00 KB,image extension but header signature mismatch,2023-10-21 16:24:48
E:\328桌面\忆童时光\重新调色\._IMG_7409.jpg,4096,4.00 KB,image extension but header signature mismatch,2023-10-21 16:24:48
E:\328桌面\忆童时光\重新调色\._IMG_7233.jpg,4096,4.00 KB,image extension but header signature mismatch,2023-10-21 16:24:48
E:\328桌面\忆童时光\重新调色\._IMG_7334.jpg,4096,4.00 KB,image extension but header signature mismatch,2023-10-21 16:24:49
E:\328桌面\忆童时光\重新调色\._IMG_8492副本.jpg,4096,4.00 KB,image extension but header signature mismatch,2023-10-21 16:24:49
E:\328桌面\忆童时光\重新调色\._IMG_7335.jpg,4096,4.00 KB,image extension but header signature mismatch,2023-10-21 16:24:49
E:\328桌面\忆童时光\重新调色\._IMG_7337.jpg,4096,4.00 KB,image extension but header signature mismatch,2023-10-21 16:24:49
E:\328桌面\忆童时光\重新调色\._IMG_7336.jpg,4096,4.00 KB,image extension but header signature mismatch,2023-10-21 16:24:49
E:\328桌面\忆童时光\重新调色\._IMG_7329副本.jpg,4096,4.00 KB,image extension but header signature mismatch,2023-10-21 16:24:49
E:\328桌面\忆童时光\重新调色\._IMG_7327.jpg,4096,4.00 KB,image extension but header signature mismatch,2023-10-21 16:24:49
E:\328桌面\忆童时光\重新调色\._IMG_8494副本.jpg,4096,4.00 KB,image extension but header signature mismatch,2023-10-21 16:24:49
E:\328桌面\忆童时光\重新调色\._IMG_8496副本.jpg,4096,4.00 KB,image extension but header signature mismatch,2023-10-21 16:24:49
E:\328桌面\忆童时光\重新调色\._IMG_7331.jpg,4096,4.00 KB,image extension but header signature mismatch,2023-10-21 16:24:49
E:\328桌面\忆童时光\重新调色\._IMG_7443.jpg,4096,4.00 KB,image extension but header signature mismatch,2023-10-21 16:24:49
E:\328桌面\忆童时光\重新调色\._IMG_7397副本.jpg,4096,4.00 KB,image extension but header signature mismatch,2023-10-21 16:24:49
E:\328桌面\忆童时光\重新调色\._IMG_7329.jpg,4096,4.00 KB,image extension but header signature mismatch,2023-10-21 16:24:49
E:\328桌面\忆童时光\重新调色\._IMG_7328.jpg,4096,4.00 KB,image extension but header signature mismatch,2023-10-21 16:24:49
E:\328桌面\忆童时光\重新调色\._IMG_7338.jpg,4096,4.00 KB,image extension but header signature mismatch,2023-10-21 16:24:49
E:\328桌面\忆童时光\重新调色\._IMG_7334-12.jpg,4096,4.00 KB,image extension but header signature mismatch,2023-10-21 16:24:49
E:\328桌面\忆童时光\重新调色\._IMG_7389.jpg,4096,4.00 KB,image extension but header signature mismatch,2023-10-21 16:24:49
E:\328桌面\忆童时光\重新调色\._IMG_7410.jpg,4096,4.00 KB,image extension but header signature mismatch,2023-10-21 16:24:49
E:\328桌面\忆童时光\重新调色\._IMG_7405.jpg,4096,4.00 KB,image extension but header signature mismatch,2023-10-21 16:24:49
E:\328桌面\忆童时光\重新调色\._IMG_7411.jpg,4096,4.00 KB,image extension but header signature mismatch,2023-10-21 16:24:49
E:\328桌面\忆童时光\重新调色\._IMG_7377.jpg,4096,4.00 KB,image extension but header signature mismatch,2023-10-21 16:24:49
E:\328桌面\忆童时光\重新调色\._IMG_7407.jpg,4096,4.00 KB,image extension but header signature mismatch,2023-10-21 16:24:49
E:\328桌面\忆童时光\重新调色\._IMG_7413.jpg,4096,4.00 KB,image extension but header signature mismatch,2023-10-21 16:24:49
E:\328桌面\忆童时光\重新调色\._IMG_7412.jpg,4096,4.00 KB,image extension but header signature mismatch,2023-10-21 16:24:49
E:\328桌面\忆童时光\重新调色\._IMG_7406.jpg,4096,4.00 KB,image extension but header signature mismatch,2023-10-21 16:24:50
E:\328桌面\忆童时光\重新调色\._IMG_7398.jpg,4096,4.00 KB,image extension but header signature mismatch,2023-10-21 16:24:50
E:\328桌面\忆童时光\重新调色\._IMG_7400.jpg,4096,4.00 KB,image extension but header signature mismatch,2023-10-21 16:24:50
E:\328桌面\忆童时光\重新调色\._IMG_7399.jpg,4096,4.00 KB,image extension but header signature mismatch,2023-10-21 16:24:50
E:\328桌面\忆童时光\重新调色\._IMG_7442-恢复的.jpg,4096,4.00 KB,image extension but header signature mismatch,2023-10-21 16:24:50
E:\亚马逊\._WechatIMG1675.jpeg,4096,4.00 KB,image extension but header signature mismatch,2023-10-21 16:23:17
E:\亚马逊\._WechatIMG1674.jpeg,4096,4.00 KB,image extension but header signature mismatch,2023-10-21 16:23:17
E:\赖亦安资料\._WechatIMG268.jpeg,4096,4.00 KB,image extension but header signature mismatch,2023-10-21 16:23:19
E:\精修玩水照\._117A2127.JPG,4096,4.00 KB,image extension but header signature mismatch,2023-10-21 16:23:21
E:\精修玩水照\._117A2126.JPG,4096,4.00 KB,image extension but header signature mismatch,2023-10-21 16:23:21
E:\精修玩水照\._117A2085.JPG,4096,4.00 KB,image extension but header signature mismatch,2023-10-21 16:23:21
E:\精修玩水照\._117A2287.JPG,4096,4.00 KB,image extension but header signature mismatch,2023-10-21 16:23:21
E:\精修玩水照\._117A2078.JPG,4096,4.00 KB,image extension but header signature mismatch,2023-10-21 16:23:21
E:\精修玩水照\._117A2079.JPG,4096,4.00 KB,image extension but header signature mismatch,2023-10-21 16:23:22
E:\精修玩水照\._117A2253.JPG,4096,4.00 KB,image extension but header signature mismatch,2023-10-21 16:23:22
E:\精修玩水照\._117A2257.JPG,4096,4.00 KB,image extension but header signature mismatch,2023-10-21 16:23:22
E:\精修玩水照\._117A2121.JPG,4096,4.00 KB,image extension but header signature mismatch,2023-10-21 16:23:22
E:\精修玩水照\._117A2337.JPG,4096,4.00 KB,image extension but header signature mismatch,2023-10-21 16:23:22
E:\精修玩水照\._117A2283.JPG,4096,4.00 KB,image extension but header signature mismatch,2023-10-21 16:23:22
E:\精修玩水照\._117A2320.JPG,4096,4.00 KB,image extension but header signature mismatch,2023-10-21 16:23:22
E:\精修玩水照\._117A2057.JPG,4096,4.00 KB,image extension but header signature mismatch,2023-10-21 16:23:22
E:\精修玩水照\._117A2043.JPG,4096,4.00 KB,image extension but header signature mismatch,2023-10-21 16:23:22
E:\精修玩水照\._117A2193.JPG,4096,4.00 KB,image extension but header signature mismatch,2023-10-21 16:23:23
E:\精修玩水照\._117A2144.JPG,4096,4.00 KB,image extension but header signature mismatch,2023-10-21 16:23:23
E:\精修玩水照\._117A2409.JPG,4096,4.00 KB,image extension but header signature mismatch,2023-10-21 16:23:23
E:\精修玩水照\._117A2435.JPG,4096,4.00 KB,image extension but header signature mismatch,2023-10-21 16:23:23
E:\精修玩水照\._117A2225.JPG,4096,4.00 KB,image extension but header signature mismatch,2023-10-21 16:23:23
E:\精修玩水照\._117A2345.JPG,4096,4.00 KB,image extension but header signature mismatch,2023-10-21 16:23:23
E:\精修玩水照\._117A2152.JPG,4096,4.00 KB,image extension but header signature mismatch,2023-10-21 16:23:23
E:\精修玩水照\._117A2185.JPG,4096,4.00 KB,image extension but header signature mismatch,2023-10-21 16:23:23
E:\精修玩水照\._117A2208.JPG,4096,4.00 KB,image extension but header signature mismatch,2023-10-21 16:23:23
E:\精修玩水照\._117A2209.JPG,4096,4.00 KB,image extension but header signature mismatch,2023-10-21 16:23:23
E:\精修玩水照\._117A2425.JPG,4096,4.00 KB,image extension but header signature mismatch,2023-10-21 16:23:24
E:\精修玩水照\._117A2342.JPG,4096,4.00 KB,image extension but header signature mismatch,2023-10-21 16:23:24
E:\精修玩水照\._117A2430.JPG,4096,4.00 KB,image extension but header signature mismatch,2023-10-21 16:23:24
E:\精修玩水照\._117A2008.JPG,4096,4.00 KB,image extension but header signature mismatch,2023-10-21 16:23:24
E:\精修玩水照\._117A2428.JPG,4096,4.00 KB,image extension but header signature mismatch,2023-10-21 16:23:24
E:\精修玩水照\._117A2010.JPG,4096,4.00 KB,image extension but header signature mismatch,2023-10-21 16:23:26
E:\精修玩水照\._117A2206.JPG,4096,4.00 KB,image extension but header signature mismatch,2023-10-21 16:23:26
E:\精修玩水照\._117A2238.JPG,4096,4.00 KB,image extension but header signature mismatch,2023-10-21 16:23:26
E:\精修玩水照\._117A2007.JPG,4096,4.00 KB,image extension but header signature mismatch,2023-10-21 16:23:26
E:\精修玩水照\._117A2229.JPG,4096,4.00 KB,image extension but header signature mismatch,2023-10-21 16:23:27
E:\精修玩水照\._117A2003.JPG,4096,4.00 KB,image extension but header signature mismatch,2023-10-21 16:23:27
E:\精修玩水照\._117A2176.JPG,4096,4.00 KB,image extension but header signature mismatch,2023-10-21 16:23:27
E:\精修玩水照\._117A2214.JPG,4096,4.00 KB,image extension but header signature mismatch,2023-10-21 16:23:27
E:\精修玩水照\._117A2228.JPG,4096,4.00 KB,image extension but header signature mismatch,2023-10-21 16:23:27
E:\精修玩水照\._117A2148.JPG,4096,4.00 KB,image extension but header signature mismatch,2023-10-21 16:23:27
E:\精修玩水照\._117A2311.JPG,4096,4.00 KB,image extension but header signature mismatch,2023-10-21 16:23:27
E:\精修玩水照\._117A2098.JPG,4096,4.00 KB,image extension but header signature mismatch,2023-10-21 16:23:27
E:\精修玩水照\._117A2312.JPG,4096,4.00 KB,image extension but header signature mismatch,2023-10-21 16:23:27
E:\精修玩水照\._117A2104.JPG,4096,4.00 KB,image extension but header signature mismatch,2023-10-21 16:23:27
E:\精修玩水照\._117A2272.JPG,4096,4.00 KB,image extension but header signature mismatch,2023-10-21 16:23:28
E:\精修玩水照\._117A2302.JPG,4096,4.00 KB,image extension but header signature mismatch,2023-10-21 16:23:28
E:\精修玩水照\._117A2101.JPG,4096,4.00 KB,image extension but header signature mismatch,2023-10-21 16:23:28
E:\精修玩水照\._117A2049.JPG,4096,4.00 KB,image extension but header signature mismatch,2023-10-21 16:23:28
E:\精修玩水照\._117A2288.JPG,4096,4.00 KB,image extension but header signature mismatch,2023-10-21 16:23:28
E:\精修玩水照\._117A2261.JPG,4096,4.00 KB,image extension but header signature mismatch,2023-10-21 16:23:28
E:\精修玩水照\._117A2063.JPG,4096,4.00 KB,image extension but header signature mismatch,2023-10-21 16:23:28
E:\精修玩水照\._117A2102.JPG,4096,4.00 KB,image extension but header signature mismatch,2023-10-21 16:23:28
E:\精修玩水照\62\._117A2127.jpg,4096,4.00 KB,image extension but header signature mismatch,2023-10-21 16:23:24
E:\精修玩水照\62\._117A2126.jpg,4096,4.00 KB,image extension but header signature mismatch,2023-10-21 16:23:24
E:\精修玩水照\62\._117A2085.jpg,4096,4.00 KB,image extension but header signature mismatch,2023-10-21 16:23:24
E:\精修玩水照\62\._117A2287.jpg,4096,4.00 KB,image extension but header signature mismatch,2023-10-21 16:23:24
E:\精修玩水照\62\._117A2078.jpg,4096,4.00 KB,image extension but header signature mismatch,2023-10-21 16:23:24
E:\精修玩水照\62\._117A2079.jpg,4096,4.00 KB,image extension but header signature mismatch,2023-10-21 16:23:24
E:\精修玩水照\62\._117A2253.jpg,4096,4.00 KB,image extension but header signature mismatch,2023-10-21 16:23:24
E:\精修玩水照\62\._117A2257.jpg,4096,4.00 KB,image extension but header signature mismatch,2023-10-21 16:23:24
E:\精修玩水照\62\._117A2121.jpg,4096,4.00 KB,image extension but header signature mismatch,2023-10-21 16:23:24
E:\精修玩水照\62\._117A2337.jpg,4096,4.00 KB,image extension but header signature mismatch,2023-10-21 16:23:25
E:\精修玩水照\62\._117A2283.jpg,4096,4.00 KB,image extension but header signature mismatch,2023-10-21 16:23:25
E:\精修玩水照\62\._117A2320.jpg,4096,4.00 KB,image extension but header signature mismatch,2023-10-21 16:23:25
E:\精修玩水照\62\._117A2057.jpg,4096,4.00 KB,image extension but header signature mismatch,2023-10-21 16:23:25
E:\精修玩水照\62\._117A2043.jpg,4096,4.00 KB,image extension but header signature mismatch,2023-10-21 16:23:25
E:\精修玩水照\62\._117A2193.jpg,4096,4.00 KB,image extension but header signature mismatch,2023-10-21 16:23:25
E:\精修玩水照\62\._117A2144.jpg,4096,4.00 KB,image extension but header signature mismatch,2023-10-21 16:23:25
E:\精修玩水照\62\._117A2409.jpg,4096,4.00 KB,image extension but header signature mismatch,2023-10-21 16:23:25
E:\精修玩水照\62\._117A2435.jpg,4096,4.00 KB,image extension but header signature mismatch,2023-10-21 16:23:25
E:\精修玩水照\62\._117A2225.jpg,4096,4.00 KB,image extension but header signature mismatch,2023-10-21 16:23:25
E:\精修玩水照\62\._117A2345.jpg,4096,4.00 KB,image extension but header signature mismatch,2023-10-21 16:23:25
E:\精修玩水照\62\._117A2152.jpg,4096,4.00 KB,image extension but header signature mismatch,2023-10-21 16:23:25
E:\精修玩水照\62\._117A2185.jpg,4096,4.00 KB,image extension but header signature mismatch,2023-10-21 16:23:25
E:\精修玩水照\62\._117A2208.jpg,4096,4.00 KB,image extension but header signature mismatch,2023-10-21 16:23:25
E:\精修玩水照\62\._117A2209.jpg,4096,4.00 KB,image extension but header signature mismatch,2023-10-21 16:23:25
E:\精修玩水照\62\._117A2425.jpg,4096,4.00 KB,image extension but header signature mismatch,2023-10-21 16:23:25
E:\精修玩水照\62\._117A2342.jpg,4096,4.00 KB,image extension but header signature mismatch,2023-10-21 16:23:25
E:\精修玩水照\62\._117A2430.jpg,4096,4.00 KB,image extension but header signature mismatch,2023-10-21 16:23:25
E:\精修玩水照\62\._117A2008.jpg,4096,4.00 KB,image extension but header signature mismatch,2023-10-21 16:23:25
E:\精修玩水照\62\._117A2428.jpg,4096,4.00 KB,image extension but header signature mismatch,2023-10-21 16:23:25
E:\精修玩水照\62\._117A2010.jpg,4096,4.00 KB,image extension but header signature mismatch,2023-10-21 16:23:25
E:\精修玩水照\62\._117A2206.jpg,4096,4.00 KB,image extension but header signature mismatch,2023-10-21 16:23:25
E:\精修玩水照\62\._117A2238.jpg,4096,4.00 KB,image extension but header signature mismatch,2023-10-21 16:23:25
E:\精修玩水照\62\._117A2007.jpg,4096,4.00 KB,image extension but header signature mismatch,2023-10-21 16:23:25
E:\精修玩水照\62\._117A2229.jpg,4096,4.00 KB,image extension but header signature mismatch,2023-10-21 16:23:25
E:\精修玩水照\62\._117A2003.jpg,4096,4.00 KB,image extension but header signature mismatch,2023-10-21 16:23:26
E:\精修玩水照\62\._117A2176.jpg,4096,4.00 KB,image extension but header signature mismatch,2023-10-21 16:23:26
E:\精修玩水照\62\._117A2214.jpg,4096,4.00 KB,image extension but header signature mismatch,2023-10-21 16:23:26
E:\精修玩水照\62\._117A2228.jpg,4096,4.00 KB,image extension but header signature mismatch,2023-10-21 16:23:26
E:\精修玩水照\62\._117A2148.jpg,4096,4.00 KB,image extension but header signature mismatch,2023-10-21 16:23:26
E:\精修玩水照\62\._117A2311.jpg,4096,4.00 KB,image extension but header signature mismatch,2023-10-21 16:23:26
E:\精修玩水照\62\._117A2098.jpg,4096,4.00 KB,image extension but header signature mismatch,2023-10-21 16:23:26
E:\精修玩水照\62\._117A2312.jpg,4096,4.00 KB,image extension but header signature mismatch,2023-10-21 16:23:26
E:\精修玩水照\62\._117A2104.jpg,4096,4.00 KB,image extension but header signature mismatch,2023-10-21 16:23:26
E:\精修玩水照\62\._117A2272.jpg,4096,4.00 KB,image extension but header signature mismatch,2023-10-21 16:23:26
E:\精修玩水照\62\._117A2302.jpg,4096,4.00 KB,image extension but header signature mismatch,2023-10-21 16:23:26
E:\精修玩水照\62\._117A2101.jpg,4096,4.00 KB,image extension but header signature mismatch,2023-10-21 16:23:26
E:\精修玩水照\62\._117A2049.jpg,4096,4.00 KB,image extension but header signature mismatch,2023-10-21 16:23:26
E:\精修玩水照\62\._117A2288.jpg,4096,4.00 KB,image extension but header signature mismatch,2023-10-21 16:23:26
E:\精修玩水照\62\._117A2261.jpg,4096,4.00 KB,image extension but header signature mismatch,2023-10-21 16:23:26
E:\精修玩水照\62\._117A2063.jpg,4096,4.00 KB,image extension but header signature mismatch,2023-10-21 16:23:26
E:\精修玩水照\62\._117A2102.jpg,4096,4.00 KB,image extension but header signature mismatch,2023-10-21 16:23:26
E:\1025万圣节派对\._117A8387.JPG,4096,4.00 KB,image extension but header signature mismatch,2023-10-21 16:29:29
E:\1025万圣节派对\._117A8620.JPG,4096,4.00 KB,image extension but header signature mismatch,2023-10-21 16:29:29
E:\1025万圣节派对\._IMG_3483.JPG,4096,4.00 KB,image extension but header signature mismatch,2023-10-21 16:29:29
E:\1025万圣节派对\._117A8596.JPG,4096,4.00 KB,image extension but header signature mismatch,2023-10-21 16:29:29
E:\1025万圣节派对\._117A8569.JPG,4096,4.00 KB,image extension but header signature mismatch,2023-10-21 16:29:29
E:\1025万圣节派对\._117A8623.JPG,4096,4.00 KB,image extension but header signature mismatch,2023-10-21 16:29:29
E:\1025万圣节派对\._117A8622.JPG,4096,4.00 KB,image extension but header signature mismatch,2023-10-21 16:29:30
E:\1025万圣节派对\._117A8554.JPG,4096,4.00 KB,image extension but header signature mismatch,2023-10-21 16:29:30
E:\1025万圣节派对\._117A8781.JPG,4096,4.00 KB,image extension but header signature mismatch,2023-10-21 16:29:30
E:\1025万圣节派对\._117A8550.JPG,4096,4.00 KB,image extension but header signature mismatch,2023-10-21 16:29:30
E:\1025万圣节派对\._IMG_3484.JPG,4096,4.00 KB,image extension but header signature mismatch,2023-10-21 16:29:30
E:\1025万圣节派对\._117A8394.JPG,4096,4.00 KB,image extension but header signature mismatch,2023-10-21 16:29:30
E:\1025万圣节派对\._117A8579.JPG,4096,4.00 KB,image extension but header signature mismatch,2023-10-21 16:29:30
E:\1025万圣节派对\._117A8551.JPG,4096,4.00 KB,image extension but header signature mismatch,2023-10-21 16:29:30
E:\1025万圣节派对\._117A8784.JPG,4096,4.00 KB,image extension but header signature mismatch,2023-10-21 16:29:30
E:\1025万圣节派对\._117A8792.JPG,4096,4.00 KB,image extension but header signature mismatch,2023-10-21 16:29:30
E:\1025万圣节派对\._117A8584.JPG,4096,4.00 KB,image extension but header signature mismatch,2023-10-21 16:29:30
E:\1025万圣节派对\._117A8433.JPG,4096,4.00 KB,image extension but header signature mismatch,2023-10-21 16:29:30
E:\1025万圣节派对\._117A8802.JPG,4096,4.00 KB,image extension but header signature mismatch,2023-10-21 16:29:30
E:\1025万圣节派对\._117A8630.JPG,4096,4.00 KB,image extension but header signature mismatch,2023-10-21 16:29:30
E:\1025万圣节派对\._IMG_3486.JPG,4096,4.00 KB,image extension but header signature mismatch,2023-10-21 16:29:30
E:\1025万圣节派对\._117A8397.JPG,4096,4.00 KB,image extension but header signature mismatch,2023-10-21 16:29:30
E:\1025万圣节派对\._117A8546.JPG,4096,4.00 KB,image extension but header signature mismatch,2023-10-21 16:29:31
E:\1025万圣节派对\._117A8535.JPG,4096,4.00 KB,image extension but header signature mismatch,2023-10-21 16:29:31
E:\1025万圣节派对\._117A8521.JPG,4096,4.00 KB,image extension but header signature mismatch,2023-10-21 16:29:31
E:\1025万圣节派对\._117A8483.JPG,4096,4.00 KB,image extension but header signature mismatch,2023-10-21 16:29:31
E:\1025万圣节派对\._117A8508.JPG,4096,4.00 KB,image extension but header signature mismatch,2023-10-21 16:29:31
E:\1025万圣节派对\._IMG_3353.JPG,4096,4.00 KB,image extension but header signature mismatch,2023-10-21 16:29:31
E:\1025万圣节派对\._117A8480.JPG,4096,4.00 KB,image extension but header signature mismatch,2023-10-21 16:29:31
E:\1025万圣节派对\._117A8725.JPG,4096,4.00 KB,image extension but header signature mismatch,2023-10-21 16:29:31
E:\1025万圣节派对\._IMG_3356.JPG,4096,4.00 KB,image extension but header signature mismatch,2023-10-21 16:29:31
E:\1025万圣节派对\._117A8678.JPG,4096,4.00 KB,image extension but header signature mismatch,2023-10-21 16:29:31
E:\1025万圣节派对\._117A8446.JPG,4096,4.00 KB,image extension but header signature mismatch,2023-10-21 16:29:31
E:\1025万圣节派对\._117A8532.JPG,4096,4.00 KB,image extension but header signature mismatch,2023-10-21 16:29:31
E:\1025万圣节派对\._117A8530.JPG,4096,4.00 KB,image extension but header signature mismatch,2023-10-21 16:29:31
E:\1025万圣节派对\._117A8524.JPG,4096,4.00 KB,image extension but header signature mismatch,2023-10-21 16:29:31
E:\1025万圣节派对\._117A8487.JPG,4096,4.00 KB,image extension but header signature mismatch,2023-10-21 16:29:31
E:\1025万圣节派对\._117A8493.JPG,4096,4.00 KB,image extension but header signature mismatch,2023-10-21 16:29:31
E:\1025万圣节派对\._117A8685.JPG,4096,4.00 KB,image extension but header signature mismatch,2023-10-21 16:29:32
E:\1025万圣节派对\._IMG_3355.JPG,4096,4.00 KB,image extension but header signature mismatch,2023-10-21 16:29:32
E:\1025万圣节派对\._IMG_3354.JPG,4096,4.00 KB,image extension but header signature mismatch,2023-10-21 16:29:32
E:\1025万圣节派对\._117A8690.JPG,4096,4.00 KB,image extension but header signature mismatch,2023-10-21 16:29:32
E:\1025万圣节派对\._117A8492.JPG,4096,4.00 KB,image extension but header signature mismatch,2023-10-21 16:29:32
E:\1025万圣节派对\._117A8525.JPG,4096,4.00 KB,image extension but header signature mismatch,2023-10-21 16:29:32
E:\1025万圣节派对\._117A8531.JPG,4096,4.00 KB,image extension but header signature mismatch,2023-10-21 16:29:32
E:\1025万圣节派对\._117A8733.JPG,4096,4.00 KB,image extension but header signature mismatch,2023-10-21 16:29:32
E:\1025万圣节派对\._117A8474.JPG,4096,4.00 KB,image extension but header signature mismatch,2023-10-21 16:29:32
E:\1025万圣节派对\._IMG_3359.JPG,4096,4.00 KB,image extension but header signature mismatch,2023-10-21 16:29:32
E:\1025万圣节派对\._117A8676.JPG,4096,4.00 KB,image extension but header signature mismatch,2023-10-21 16:29:32
E:\1025万圣节派对\._IMG_3365.JPG,4096,4.00 KB,image extension but header signature mismatch,2023-10-21 16:29:32
E:\1025万圣节派对\._117A8515.JPG,4096,4.00 KB,image extension but header signature mismatch,2023-10-21 16:29:32
E:\1025万圣节派对\._117A8477.JPG,4096,4.00 KB,image extension but header signature mismatch,2023-10-21 16:29:32
E:\1025万圣节派对\._IMG_3366.JPG,4096,4.00 KB,image extension but header signature mismatch,2023-10-21 16:29:32
E:\1025万圣节派对\._117A8884.JPG,4096,4.00 KB,image extension but header signature mismatch,2023-10-21 16:29:32
E:\1025万圣节派对\._117A8648.JPG,4096,4.00 KB,image extension but header signature mismatch,2023-10-21 16:29:33
E:\1025万圣节派对\._117A8890.JPG,4096,4.00 KB,image extension but header signature mismatch,2023-10-21 16:29:33
E:\1025万圣节派对\._117A8704.JPG,4096,4.00 KB,image extension but header signature mismatch,2023-10-21 16:29:33
E:\1025万圣节派对\._117A8710.JPG,4096,4.00 KB,image extension but header signature mismatch,2023-10-21 16:29:33
E:\1025万圣节派对\._117A8512.JPG,4096,4.00 KB,image extension but header signature mismatch,2023-10-21 16:29:33
E:\1025万圣节派对\._IMG_3363.JPG,4096,4.00 KB,image extension but header signature mismatch,2023-10-21 16:29:33
E:\1025万圣节派对\._IMG_3362.JPG,4096,4.00 KB,image extension but header signature mismatch,2023-10-21 16:29:33
E:\1025万圣节派对\._117A8705.JPG,4096,4.00 KB,image extension but header signature mismatch,2023-10-21 16:29:33
E:\1025万圣节派对\._117A8713.JPG,4096,4.00 KB,image extension but header signature mismatch,2023-10-21 16:29:33
E:\1025万圣节派对\._117A8511.JPG,4096,4.00 KB,image extension but header signature mismatch,2023-10-21 16:29:33
E:\1025万圣节派对\._117A8465.JPG,4096,4.00 KB,image extension but header signature mismatch,2023-10-21 16:29:33
E:\1025万圣节派对\._117A8459.JPG,4096,4.00 KB,image extension but header signature mismatch,2023-10-21 16:29:33
E:\1025万圣节派对\._IMG_3360.JPG,4096,4.00 KB,image extension but header signature mismatch,2023-10-21 16:29:33
E:\1025万圣节派对\._IMG_3361.JPG,4096,4.00 KB,image extension but header signature mismatch,2023-10-21 16:29:33
E:\1025万圣节派对\._117A8538.JPG,4096,4.00 KB,image extension but header signature mismatch,2023-10-21 16:29:34
E:\1025万圣节派对\._117A8504.JPG,4096,4.00 KB,image extension but header signature mismatch,2023-10-21 16:29:34
E:\1025万圣节派对\._117A8563.JPG,4096,4.00 KB,image extension but header signature mismatch,2023-10-21 16:29:34
E:\1025万圣节派对\._117A8560.JPG,4096,4.00 KB,image extension but header signature mismatch,2023-10-21 16:29:34
E:\1025万圣节派对\._117A8401.JPG,4096,4.00 KB,image extension but header signature mismatch,2023-10-21 16:29:34
E:\1025万圣节派对\._117A8429.JPG,4096,4.00 KB,image extension but header signature mismatch,2023-10-21 16:29:34
E:\1025万圣节派对\._117A8549.JPG,4096,4.00 KB,image extension but header signature mismatch,2023-10-21 16:29:34
E:\1025万圣节派对\._117A8405.JPG,4096,4.00 KB,image extension but header signature mismatch,2023-10-21 16:29:34
E:\1025万圣节派对\._117A8606.JPG,4096,4.00 KB,image extension but header signature mismatch,2023-10-21 16:29:34
E:\1025万圣节派对\._117A8758.JPG,4096,4.00 KB,image extension but header signature mismatch,2023-10-21 16:29:34
E:\1025万圣节派对\._117A8566.JPG,4096,4.00 KB,image extension but header signature mismatch,2023-10-21 16:29:34
E:\1025万圣节派对\._117A8823.JPG,4096,4.00 KB,image extension but header signature mismatch,2023-10-21 16:29:34
E:\1025万圣节派对\._117A8407.JPG,4096,4.00 KB,image extension but header signature mismatch,2023-10-21 16:29:34
E:\1025万圣节派对\新增\._117A6622.JPG,4096,4.00 KB,image extension but header signature mismatch,2023-10-21 16:31:17
E:\1025万圣节派对\新增\._117A6653.JPG,4096,4.00 KB,image extension but header signature mismatch,2023-10-21 16:31:17
E:\1025万圣节派对\新增\._117A6282.JPG,4096,4.00 KB,image extension but header signature mismatch,2023-10-21 16:31:17
E:\1025万圣节派对\新增\._117A6709.JPG,4096,4.00 KB,image extension but header signature mismatch,2023-10-21 16:31:17
E:\1025万圣节派对\新增\._117A6713.JPG,4096,4.00 KB,image extension but header signature mismatch,2023-10-21 16:31:17
E:\1025万圣节派对\新增\._117A6289.JPG,4096,4.00 KB,image extension but header signature mismatch,2023-10-21 16:31:18
E:\1025万圣节派对\新增\._117A6659.JPG,4096,4.00 KB,image extension but header signature mismatch,2023-10-21 16:31:18
E:\1025万圣节派对\新增\._117A6665.JPG,4096,4.00 KB,image extension but header signature mismatch,2023-10-21 16:31:18
E:\1025万圣节派对\新增\._117A6660.JPG,4096,4.00 KB,image extension but header signature mismatch,2023-10-21 16:31:19
E:\1025万圣节派对\新增\._117A6703.JPG,4096,4.00 KB,image extension but header signature mismatch,2023-10-21 16:31:20
E:\1025万圣节派对\新增\._117A6439.JPG,4096,4.00 KB,image extension but header signature mismatch,2023-10-21 16:31:20
E:\1007 百日照\._117A7894 2.JPG,4096,4.00 KB,image extension but header signature mismatch,2023-10-21 16:30:14
E:\1007 百日照\._117A7936.JPG,4096,4.00 KB,image extension but header signature mismatch,2023-10-21 16:30:14
E:\1007 百日照\._117A7923.JPG,4096,4.00 KB,image extension but header signature mismatch,2023-10-21 16:30:14
E:\1007 百日照\._117A7937.JPG,4096,4.00 KB,image extension but header signature mismatch,2023-10-21 16:30:14
E:\1007 百日照\._117A7894.JPG,4096,4.00 KB,image extension but header signature mismatch,2023-10-21 16:30:14
E:\1007 百日照\._117A8027.JPG,4096,4.00 KB,image extension but header signature mismatch,2023-10-21 16:30:14
E:\1007 百日照\._117A8033.JPG,4096,4.00 KB,image extension but header signature mismatch,2023-10-21 16:30:15
E:\1007 百日照\._117A8019.JPG,4096,4.00 KB,image extension but header signature mismatch,2023-10-21 16:30:15
E:\1007 百日照\._117A7855.JPG,4096,4.00 KB,image extension but header signature mismatch,2023-10-21 16:30:15
E:\1007 百日照\._117A7841.JPG,4096,4.00 KB,image extension but header signature mismatch,2023-10-21 16:30:15
E:\1007 百日照\._117A7869.JPG,4096,4.00 KB,image extension but header signature mismatch,2023-10-21 16:30:15
E:\1007 百日照\._117A7935.JPG,4096,4.00 KB,image extension but header signature mismatch,2023-10-21 16:30:15
E:\1007 百日照\._117A7934.JPG,4096,4.00 KB,image extension but header signature mismatch,2023-10-21 16:30:15
E:\1007 百日照\._117A7920.JPG,4096,4.00 KB,image extension but header signature mismatch,2023-10-21 16:30:15
E:\1007 百日照\._117A7868.JPG,4096,4.00 KB,image extension but header signature mismatch,2023-10-21 16:30:15
E:\1007 百日照\._117A8018.JPG,4096,4.00 KB,image extension but header signature mismatch,2023-10-21 16:30:15
E:\1007 百日照\._117A8020.JPG,4096,4.00 KB,image extension but header signature mismatch,2023-10-21 16:30:15
E:\1007 百日照\._117A8034.JPG,4096,4.00 KB,image extension but header signature mismatch,2023-10-21 16:30:15
E:\1007 百日照\._117A7878.JPG,4096,4.00 KB,image extension but header signature mismatch,2023-10-21 16:30:15
E:\1007 百日照\._117A7850.JPG,4096,4.00 KB,image extension but header signature mismatch,2023-10-21 16:30:15
E:\1007 百日照\._117A7844.JPG,4096,4.00 KB,image extension but header signature mismatch,2023-10-21 16:30:15
E:\1007 百日照\._117A7893.JPG,4096,4.00 KB,image extension but header signature mismatch,2023-10-21 16:30:15
E:\1007 百日照\._117A7924.JPG,4096,4.00 KB,image extension but header signature mismatch,2023-10-21 16:30:15
E:\1007 百日照\._117A7925.JPG,4096,4.00 KB,image extension but header signature mismatch,2023-10-21 16:30:16
E:\1007 百日照\._117A7845.JPG,4096,4.00 KB,image extension but header signature mismatch,2023-10-21 16:30:16
E:\1007 百日照\._117A7933.JPG,4096,4.00 KB,image extension but header signature mismatch,2023-10-21 16:30:16
E:\1007 百日照\._117A7926.JPG,4096,4.00 KB,image extension but header signature mismatch,2023-10-21 16:30:16
E:\1007 百日照\._117A7932.JPG,4096,4.00 KB,image extension but header signature mismatch,2023-10-21 16:30:16
E:\1007 百日照\._117A7891.JPG,4096,4.00 KB,image extension but header signature mismatch,2023-10-21 16:30:16
E:\1007 百日照\._117A7846.JPG,4096,4.00 KB,image extension but header signature mismatch,2023-10-21 16:30:16
E:\1007 百日照\._117A8022.JPG,4096,4.00 KB,image extension but header signature mismatch,2023-10-21 16:30:16
E:\1007 百日照\._117A8036.JPG,4096,4.00 KB,image extension but header signature mismatch,2023-10-21 16:30:16
E:\1007 百日照\._117A7821.JPG,4096,4.00 KB,image extension but header signature mismatch,2023-10-21 16:30:16
E:\1007 百日照\._117A7835.JPG,4096,4.00 KB,image extension but header signature mismatch,2023-10-21 16:30:16
E:\1007 百日照\._117A7809.JPG,4096,4.00 KB,image extension but header signature mismatch,2023-10-21 16:30:16
E:\1007 百日照\._117A7955.JPG,4096,4.00 KB,image extension but header signature mismatch,2023-10-21 16:30:16
E:\1007 百日照\._117A7941.JPG,4096,4.00 KB,image extension but header signature mismatch,2023-10-21 16:30:16
E:\1007 百日照\._117A7982.JPG,4096,4.00 KB,image extension but header signature mismatch,2023-10-21 16:30:16
E:\1007 百日照\._117A7968.JPG,4096,4.00 KB,image extension but header signature mismatch,2023-10-21 16:30:16
E:\1007 百日照\._117A7798.JPG,4096,4.00 KB,image extension but header signature mismatch,2023-10-21 16:30:17
E:\1007 百日照\._117A7940.JPG,4096,4.00 KB,image extension but header signature mismatch,2023-10-21 16:30:17
E:\1007 百日照\._IMG_2311.JPG,4096,4.00 KB,image extension but header signature mismatch,2023-10-21 16:30:17
E:\1007 百日照\._117A7770.JPG,4096,4.00 KB,image extension but header signature mismatch,2023-10-21 16:30:17
E:\1007 百日照\._117A7957.JPG,4096,4.00 KB,image extension but header signature mismatch,2023-10-21 16:30:17
E:\1007 百日照\._IMG_2312.JPG,4096,4.00 KB,image extension but header signature mismatch,2023-10-21 16:30:17
E:\1007 百日照\._117A7991 2.JPG,4096,4.00 KB,image extension but header signature mismatch,2023-10-21 16:30:17
E:\1007 百日照\._117A7827.JPG,4096,4.00 KB,image extension but header signature mismatch,2023-10-21 16:30:17
E:\1007 百日照\._117A7953.JPG,4096,4.00 KB,image extension but header signature mismatch,2023-10-21 16:30:17
E:\1007 百日照\._117A7774.JPG,4096,4.00 KB,image extension but header signature mismatch,2023-10-21 16:30:17
E:\1007 百日照\._117A7990.JPG,4096,4.00 KB,image extension but header signature mismatch,2023-10-21 16:30:17
E:\1007 百日照\._117A7991.JPG,4096,4.00 KB,image extension but header signature mismatch,2023-10-21 16:30:17
E:\1007 百日照\._117A7952.JPG,4096,4.00 KB,image extension but header signature mismatch,2023-10-21 16:30:17
E:\1007 百日照\._117A7818.JPG,4096,4.00 KB,image extension but header signature mismatch,2023-10-21 16:30:17
E:\1007 百日照\._117A7978.JPG,4096,4.00 KB,image extension but header signature mismatch,2023-10-21 16:30:17
E:\1007 百日照\._117A7763.JPG,4096,4.00 KB,image extension but header signature mismatch,2023-10-21 16:30:17
E:\1007 百日照\._117A7987.JPG,4096,4.00 KB,image extension but header signature mismatch,2023-10-21 16:30:18
E:\1007 百日照\._117A7945.JPG,4096,4.00 KB,image extension but header signature mismatch,2023-10-21 16:30:18
E:\1007 百日照\._117A7979.JPG,4096,4.00 KB,image extension but header signature mismatch,2023-10-21 16:30:18
E:\1007 百日照\._117A7912 2.JPG,4096,4.00 KB,image extension but header signature mismatch,2023-10-21 16:30:18
E:\1007 百日照\._117A7825.JPG,4096,4.00 KB,image extension but header signature mismatch,2023-10-21 16:30:18
E:\1007 百日照\._117A7819.JPG,4096,4.00 KB,image extension but header signature mismatch,2023-10-21 16:30:18
E:\1007 百日照\._117A7800.JPG,4096,4.00 KB,image extension but header signature mismatch,2023-10-21 16:30:18
E:\1007 百日照\._117A7974.JPG,4096,4.00 KB,image extension but header signature mismatch,2023-10-21 16:30:18
E:\1007 百日照\._117A7960.JPG,4096,4.00 KB,image extension but header signature mismatch,2023-10-21 16:30:18
E:\1007 百日照\._117A7948.JPG,4096,4.00 KB,image extension but header signature mismatch,2023-10-21 16:30:18
E:\1007 百日照\._117A7790.JPG,4096,4.00 KB,image extension but header signature mismatch,2023-10-21 16:30:18
E:\1007 百日照\._117A7784.JPG,4096,4.00 KB,image extension but header signature mismatch,2023-10-21 16:30:18
E:\1007 百日照\._117A7785.JPG,4096,4.00 KB,image extension but header signature mismatch,2023-10-21 16:30:18
E:\1007 百日照\._117A7949.JPG,4096,4.00 KB,image extension but header signature mismatch,2023-10-21 16:30:18
E:\1007 百日照\._117A7961.JPG,4096,4.00 KB,image extension but header signature mismatch,2023-10-21 16:30:18
E:\1007 百日照\._117A7975.JPG,4096,4.00 KB,image extension but header signature mismatch,2023-10-21 16:30:18
E:\1007 百日照\._117A7815.JPG,4096,4.00 KB,image extension but header signature mismatch,2023-10-21 16:30:18
E:\1007 百日照\._117A7787.JPG,4096,4.00 KB,image extension but header signature mismatch,2023-10-21 16:30:18
E:\1007 百日照\._117A7793.JPG,4096,4.00 KB,image extension but header signature mismatch,2023-10-21 16:30:19
E:\1007 百日照\._117A7778.JPG,4096,4.00 KB,image extension but header signature mismatch,2023-10-21 16:30:19
E:\1007 百日照\._117A7988.JPG,4096,4.00 KB,image extension but header signature mismatch,2023-10-21 16:30:19
E:\1007 百日照\._117A7989.JPG,4096,4.00 KB,image extension but header signature mismatch,2023-10-21 16:30:19
E:\1007 百日照\._117A7779.JPG,4096,4.00 KB,image extension but header signature mismatch,2023-10-21 16:30:19
E:\1007 百日照\._117A7962.JPG,4096,4.00 KB,image extension but header signature mismatch,2023-10-21 16:30:19
E:\1007 百日照\._117A7816.JPG,4096,4.00 KB,image extension but header signature mismatch,2023-10-21 16:30:19
E:\1007 百日照\._117A7812.JPG,4096,4.00 KB,image extension but header signature mismatch,2023-10-21 16:30:19
E:\1007 百日照\._117A7966.JPG,4096,4.00 KB,image extension but header signature mismatch,2023-10-21 16:30:19
E:\1007 百日照\._117A7769.JPG,4096,4.00 KB,image extension but header signature mismatch,2023-10-21 16:30:19
E:\1007 百日照\._117A7797.JPG,4096,4.00 KB,image extension but header signature mismatch,2023-10-21 16:30:19
E:\1007 百日照\._117A7807.JPG,4096,4.00 KB,image extension but header signature mismatch,2023-10-21 16:30:19
E:\1007 百日照\._117A7813.JPG,4096,4.00 KB,image extension but header signature mismatch,2023-10-21 16:30:20
E:\1007 百日照\._117A7959.JPG,4096,4.00 KB,image extension but header signature mismatch,2023-10-21 16:30:20
E:\1007 百日照\._117A7971.JPG,4096,4.00 KB,image extension but header signature mismatch,2023-10-21 16:30:20
E:\1007 百日照\._117A7780.JPG,4096,4.00 KB,image extension but header signature mismatch,2023-10-21 16:30:20
E:\1007 百日照\._117A7958.JPG,4096,4.00 KB,image extension but header signature mismatch,2023-10-21 16:30:20
E:\1007 百日照\._117A7838.JPG,4096,4.00 KB,image extension but header signature mismatch,2023-10-21 16:30:20
E:\1007 百日照\._117A7863.JPG,4096,4.00 KB,image extension but header signature mismatch,2023-10-21 16:30:20
E:\1007 百日照\._117A7877.JPG,4096,4.00 KB,image extension but header signature mismatch,2023-10-21 16:30:20
E:\1007 百日照\._117A7888.JPG,4096,4.00 KB,image extension but header signature mismatch,2023-10-21 16:30:20
E:\1007 百日照\._117A7917.JPG,4096,4.00 KB,image extension but header signature mismatch,2023-10-21 16:30:20
E:\1007 百日照\._117A7903.JPG,4096,4.00 KB,image extension but header signature mismatch,2023-10-21 16:30:20
E:\1007 百日照\._117A7902.JPG,4096,4.00 KB,image extension but header signature mismatch,2023-10-21 16:30:20
E:\1007 百日照\._117A7920 2.JPG,4096,4.00 KB,image extension but header signature mismatch,2023-10-21 16:30:20
E:\1007 百日照\._117A7876.JPG,4096,4.00 KB,image extension but header signature mismatch,2023-10-21 16:30:21
E:\1007 百日照\._117A8010.JPG,4096,4.00 KB,image extension but header signature mismatch,2023-10-21 16:30:21
E:\1007 百日照\._117A7874.JPG,4096,4.00 KB,image extension but header signature mismatch,2023-10-21 16:30:21
E:\1007 百日照\._117A7928.JPG,4096,4.00 KB,image extension but header signature mismatch,2023-10-21 16:30:21
E:\1007 百日照\._117A7929.JPG,4096,4.00 KB,image extension but header signature mismatch,2023-10-21 16:30:21
E:\1007 百日照\._117A7875.JPG,4096,4.00 KB,image extension but header signature mismatch,2023-10-21 16:30:21
E:\1007 百日照\._117A8011.JPG,4096,4.00 KB,image extension but header signature mismatch,2023-10-21 16:30:21
E:\1007 百日照\._117A8005.JPG,4096,4.00 KB,image extension but header signature mismatch,2023-10-21 16:30:21
E:\1007 百日照\._117A8015.JPG,4096,4.00 KB,image extension but header signature mismatch,2023-10-21 16:30:21
E:\1007 百日照\._117A7859.JPG,4096,4.00 KB,image extension but header signature mismatch,2023-10-21 16:30:21
E:\1007 百日照\._117A7939.JPG,4096,4.00 KB,image extension but header signature mismatch,2023-10-21 16:30:21
E:\1007 百日照\._117A7905.JPG,4096,4.00 KB,image extension but header signature mismatch,2023-10-21 16:30:21
E:\1007 百日照\._117A7911.JPG,4096,4.00 KB,image extension but header signature mismatch,2023-10-21 16:30:21
E:\1007 百日照\._117A7938.JPG,4096,4.00 KB,image extension but header signature mismatch,2023-10-21 16:30:22
E:\1007 百日照\._117A7864.JPG,4096,4.00 KB,image extension but header signature mismatch,2023-10-21 16:30:22
E:\1007 百日照\._117A7870.JPG,4096,4.00 KB,image extension but header signature mismatch,2023-10-21 16:30:22
E:\1007 百日照\._117A8028.JPG,4096,4.00 KB,image extension but header signature mismatch,2023-10-21 16:30:22
E:\1007 百日照\._117A8014.JPG,4096,4.00 KB,image extension but header signature mismatch,2023-10-21 16:30:22
E:\1007 百日照\._117A8000.JPG,4096,4.00 KB,image extension but header signature mismatch,2023-10-21 16:30:22
E:\1007 百日照\._117A8016.JPG,4096,4.00 KB,image extension but header signature mismatch,2023-10-21 16:30:22
E:\1007 百日照\._117A7866.JPG,4096,4.00 KB,image extension but header signature mismatch,2023-10-21 16:30:22
E:\1007 百日照\._117A7899.JPG,4096,4.00 KB,image extension but header signature mismatch,2023-10-21 16:30:22
E:\1007 百日照\._117A7912.JPG,4096,4.00 KB,image extension but header signature mismatch,2023-10-21 16:30:22
E:\1007 百日照\._117A7906.JPG,4096,4.00 KB,image extension but header signature mismatch,2023-10-21 16:30:22
E:\1007 百日照\._117A7907.JPG,4096,4.00 KB,image extension but header signature mismatch,2023-10-21 16:30:22
E:\1007 百日照\._117A7913.JPG,4096,4.00 KB,image extension but header signature mismatch,2023-10-21 16:30:22
E:\1007 百日照\._117A7873.JPG,4096,4.00 KB,image extension but header signature mismatch,2023-10-21 16:30:22
E:\1007 百日照\._117A8003.JPG,4096,4.00 KB,image extension but header signature mismatch,2023-10-21 16:30:22
E:\software\HxMobileClient\HX_CLIENT\Assets\AssetRaw\Skill_3D\texture\line\line_005.png,262188,256.04 KB,image extension but header signature mismatch,2020-09-11 21:08:34
E:\旧mac\._IMG_3286.JPG,4096,4.00 KB,image extension but header signature mismatch,2023-10-21 16:33:17
E:\旧mac\._Snapseed 8.jpg,4096,4.00 KB,image extension but header signature mismatch,2023-10-21 16:33:19
E:\旧mac\._60E12515-670D-4C9E-9277-A7C4EF20FEF8.JPG,4096,4.00 KB,image extension but header signature mismatch,2023-10-21 16:33:19
E:\旧mac\._IMG_3831.JPG,4096,4.00 KB,image extension but header signature mismatch,2023-10-21 16:33:19
E:\旧mac\._IMG_3830.JPG,4096,4.00 KB,image extension but header signature mismatch,2023-10-21 16:33:19
E:\旧mac\._IMG_3829.JPG,4096,4.00 KB,image extension but header signature mismatch,2023-10-21 16:33:19
E:\旧mac\._IMG_3828.JPG,4096,4.00 KB,image extension but header signature mismatch,2023-10-21 16:33:19
E:\旧mac\._IMG_3824.JPG,4096,4.00 KB,image extension but header signature mismatch,2023-10-21 16:33:19
E:\旧mac\._IMG_3821.JPG,4096,4.00 KB,image extension but header signature mismatch,2023-10-21 16:33:19
E:\旧mac\._Snapseed 7.jpg,4096,4.00 KB,image extension but header signature mismatch,2023-10-21 16:33:19
E:\旧mac\._IMG_3811.JPG,4096,4.00 KB,image extension but header signature mismatch,2023-10-21 16:33:19
E:\旧mac\._Snapseed 6.jpg,4096,4.00 KB,image extension but header signature mismatch,2023-10-21 16:33:19
E:\旧mac\._IMG_3809.JPG,4096,4.00 KB,image extension but header signature mismatch,2023-10-21 16:33:19
E:\旧mac\._IMG_3808.JPG,4096,4.00 KB,image extension but header signature mismatch,2023-10-21 16:33:19
E:\旧mac\._IMG_3807.JPG,4096,4.00 KB,image extension but header signature mismatch,2023-10-21 16:33:19
E:\旧mac\._IMG_3806.JPG,4096,4.00 KB,image extension but header signature mismatch,2023-10-21 16:33:19
E:\旧mac\._IMG_3803.JPG,4096,4.00 KB,image extension but header signature mismatch,2023-10-21 16:33:20
E:\旧mac\._IMG_3801.JPG,4096,4.00 KB,image extension but header signature mismatch,2023-10-21 16:33:20
E:\旧mac\._Snapseed 5.jpg,4096,4.00 KB,image extension but header signature mismatch,2023-10-21 16:33:20
E:\旧mac\._Snapseed 4.jpg,4096,4.00 KB,image extension but header signature mismatch,2023-10-21 16:33:20
E:\旧mac\._IMG_3796.JPG,4096,4.00 KB,image extension but header signature mismatch,2023-10-21 16:33:20
E:\旧mac\._Snapseed 3.jpg,4096,4.00 KB,image extension but header signature mismatch,2023-10-21 16:33:20
E:\旧mac\._Snapseed 2.jpg,4096,4.00 KB,image extension but header signature mismatch,2023-10-21 16:33:20
E:\旧mac\._IMG_3727.JPG,4096,4.00 KB,image extension but header signature mismatch,2023-10-21 16:33:20
E:\旧mac\._IMG_3725.JPG,4096,4.00 KB,image extension but header signature mismatch,2023-10-21 16:33:20
E:\旧mac\._tempImg 29.JPG,4096,4.00 KB,image extension but header signature mismatch,2023-10-21 16:33:20
E:\旧mac\._tempImg 28.JPG,4096,4.00 KB,image extension but header signature mismatch,2023-10-21 16:33:20
E:\旧mac\._tempImg 27.JPG,4096,4.00 KB,image extension but header signature mismatch,2023-10-21 16:33:20
E:\旧mac\._tempImg 26.JPG,4096,4.00 KB,image extension but header signature mismatch,2023-10-21 16:33:20
E:\旧mac\._4660B101-01F6-4D28-AB37-15DFF7CBAC32.JPG,4096,4.00 KB,image extension but header signature mismatch,2023-10-21 16:33:20
E:\旧mac\._FD729EA8-AB87-4F28-BB9A-CF43139BBBE6.JPG,4096,4.00 KB,image extension but header signature mismatch,2023-10-21 16:33:20
E:\旧mac\._D3142076-26B8-405A-9118-9CB6C2067A60.JPG,4096,4.00 KB,image extension but header signature mismatch,2023-10-21 16:33:20
E:\旧mac\._8D8D38F3-74B5-47F1-A9D7-558B7AF42B70.JPG,4096,4.00 KB,image extension but header signature mismatch,2023-10-21 16:33:20
E:\旧mac\._2767D616-A5F8-4311-9602-67525D5E2A7D.JPG,4096,4.00 KB,image extension but header signature mismatch,2023-10-21 16:33:20
E:\旧mac\._62989B4E-7667-46A0-B253-45AEA239FCD9.JPG,4096,4.00 KB,image extension but header signature mismatch,2023-10-21 16:33:20
E:\旧mac\._IMG_3312.JPG,4096,4.00 KB,image extension but header signature mismatch,2023-10-21 16:33:20
E:\旧mac\._IMG_3161.JPG,4096,4.00 KB,image extension but header signature mismatch,2023-10-21 16:33:20
E:\旧mac\._IMG_3160.JPG,4096,4.00 KB,image extension but header signature mismatch,2023-10-21 16:33:20
E:\旧mac\._IMG_3159.JPG,4096,4.00 KB,image extension but header signature mismatch,2023-10-21 16:33:20
E:\旧mac\._IMG_3158.JPG,4096,4.00 KB,image extension but header signature mismatch,2023-10-21 16:33:20
E:\旧mac\._IMG_3157.JPG,4096,4.00 KB,image extension but header signature mismatch,2023-10-21 16:33:20
E:\旧mac\._IMG_3156.JPG,4096,4.00 KB,image extension but header signature mismatch,2023-10-21 16:33:20
E:\旧mac\._IMG_3154.JPG,4096,4.00 KB,image extension but header signature mismatch,2023-10-21 16:33:21
E:\旧mac\._IMG_3153.JPG,4096,4.00 KB,image extension but header signature mismatch,2023-10-21 16:33:21
E:\旧mac\._IMG_3152.JPG,4096,4.00 KB,image extension but header signature mismatch,2023-10-21 16:33:21
E:\旧mac\._tempImg 25.JPG,4096,4.00 KB,image extension but header signature mismatch,2023-10-21 16:33:21
E:\旧mac\._tempImg 24.JPG,4096,4.00 KB,image extension but header signature mismatch,2023-10-21 16:33:21
E:\旧mac\._tempImg 23.JPG,4096,4.00 KB,image extension but header signature mismatch,2023-10-21 16:33:21
E:\旧mac\._tempImg 22.JPG,4096,4.00 KB,image extension but header signature mismatch,2023-10-21 16:33:21
E:\旧mac\._tempImg 21.JPG,4096,4.00 KB,image extension but header signature mismatch,2023-10-21 16:33:21
E:\旧mac\._IMG_2164.JPG,4096,4.00 KB,image extension but header signature mismatch,2023-10-21 16:33:21
E:\旧mac\._IMG_2162.JPG,4096,4.00 KB,image extension but header signature mismatch,2023-10-21 16:33:21
E:\旧mac\._IMG_2161.JPG,4096,4.00 KB,image extension but header signature mismatch,2023-10-21 16:33:21
E:\旧mac\._IMG_1872.JPG,4096,4.00 KB,image extension but header signature mismatch,2023-10-21 16:33:21
E:\旧mac\._IMG_1871.JPG,4096,4.00 KB,image extension but header signature mismatch,2023-10-21 16:33:21
E:\旧mac\._IMG_1746.JPG,4096,4.00 KB,image extension but header signature mismatch,2023-10-21 16:33:21
E:\旧mac\._IMG_1745.JPG,4096,4.00 KB,image extension but header signature mismatch,2023-10-21 16:33:21
E:\旧mac\._IMG_1744.JPG,4096,4.00 KB,image extension but header signature mismatch,2023-10-21 16:33:21
E:\旧mac\._IMG_1743.JPG,4096,4.00 KB,image extension but header signature mismatch,2023-10-21 16:33:21
E:\旧mac\._IMG_1742.JPG,4096,4.00 KB,image extension but header signature mismatch,2023-10-21 16:33:21
E:\旧mac\._IMG_1740.JPG,4096,4.00 KB,image extension but header signature mismatch,2023-10-21 16:33:21
E:\旧mac\._IMG_1739.JPG,4096,4.00 KB,image extension but header signature mismatch,2023-10-21 16:33:21
E:\旧mac\._IMG_1738.JPG,4096,4.00 KB,image extension but header signature mismatch,2023-10-21 16:33:21
E:\旧mac\._tempImg 20.JPG,4096,4.00 KB,image extension but header signature mismatch,2023-10-21 16:33:21
E:\旧mac\._IMG_1573.JPG,4096,4.00 KB,image extension but header signature mismatch,2023-10-21 16:33:21
E:\旧mac\._tempImg 19.JPG,4096,4.00 KB,image extension but header signature mismatch,2023-10-21 16:33:21
E:\旧mac\._IMG_1559.JPG,4096,4.00 KB,image extension but header signature mismatch,2023-10-21 16:33:21
E:\旧mac\._IMG_1558.JPG,4096,4.00 KB,image extension but header signature mismatch,2023-10-21 16:33:21
E:\旧mac\._IMG_1557.JPG,4096,4.00 KB,image extension but header signature mismatch,2023-10-21 16:33:21
E:\旧mac\._tempImg 18.JPG,4096,4.00 KB,image extension but header signature mismatch,2023-10-21 16:33:21
E:\旧mac\._tempImg 17.JPG,4096,4.00 KB,image extension but header signature mismatch,2023-10-21 16:33:22
E:\旧mac\._IMG_1351.JPG,4096,4.00 KB,image extension but header signature mismatch,2023-10-21 16:33:22
E:\旧mac\._IMG_1350.JPG,4096,4.00 KB,image extension but header signature mismatch,2023-10-21 16:33:22
E:\旧mac\._IMG_1349.JPG,4096,4.00 KB,image extension but header signature mismatch,2023-10-21 16:33:22
E:\旧mac\._IMG_1348.JPG,4096,4.00 KB,image extension but header signature mismatch,2023-10-21 16:33:22
E:\旧mac\._tempImg 16.JPG,4096,4.00 KB,image extension but header signature mismatch,2023-10-21 16:33:22
E:\旧mac\._tempImg 15.JPG,4096,4.00 KB,image extension but header signature mismatch,2023-10-21 16:33:22
E:\旧mac\._tempImg 14.JPG,4096,4.00 KB,image extension but header signature mismatch,2023-10-21 16:33:22
E:\旧mac\._tempImg 13.JPG,4096,4.00 KB,image extension but header signature mismatch,2023-10-21 16:33:22
E:\旧mac\._tempImg 12.JPG,4096,4.00 KB,image extension but header signature mismatch,2023-10-21 16:33:22
E:\旧mac\._tempImg 11.JPG,4096,4.00 KB,image extension but header signature mismatch,2023-10-21 16:33:22
E:\旧mac\._IMG_1124.JPG,4096,4.00 KB,image extension but header signature mismatch,2023-10-21 16:33:22
E:\旧mac\._IMG_1120.JPG,4096,4.00 KB,image extension but header signature mismatch,2023-10-21 16:33:22
E:\旧mac\._IMG_1119.JPG,4096,4.00 KB,image extension but header signature mismatch,2023-10-21 16:33:22
E:\旧mac\._IMG_1118.JPG,4096,4.00 KB,image extension but header signature mismatch,2023-10-21 16:33:22
E:\旧mac\._IMG_1115.JPG,4096,4.00 KB,image extension but header signature mismatch,2023-10-21 16:33:22
E:\旧mac\._IMG_1113.JPG,4096,4.00 KB,image extension but header signature mismatch,2023-10-21 16:33:22
E:\旧mac\._IMG_1109.JPG,4096,4.00 KB,image extension but header signature mismatch,2023-10-21 16:33:22
E:\旧mac\._IMG_1108.JPG,4096,4.00 KB,image extension but header signature mismatch,2023-10-21 16:33:22
E:\旧mac\._IMG_1106.JPG,4096,4.00 KB,image extension but header signature mismatch,2023-10-21 16:33:22
E:\旧mac\._tempImg 10.JPG,4096,4.00 KB,image extension but header signature mismatch,2023-10-21 16:33:23
E:\旧mac\._tempImg 9.JPG,4096,4.00 KB,image extension but header signature mismatch,2023-10-21 16:33:23
E:\旧mac\._tempImg 8.JPG,4096,4.00 KB,image extension but header signature mismatch,2023-10-21 16:33:23
E:\旧mac\._tempImg 7.JPG,4096,4.00 KB,image extension but header signature mismatch,2023-10-21 16:33:23
E:\旧mac\._tempImg 6.JPG,4096,4.00 KB,image extension but header signature mismatch,2023-10-21 16:33:23
E:\旧mac\._tempImg 5.JPG,4096,4.00 KB,image extension but header signature mismatch,2023-10-21 16:33:23
E:\旧mac\._tempImg 4.JPG,4096,4.00 KB,image extension but header signature mismatch,2023-10-21 16:33:23
E:\旧mac\._tempImg 3.JPG,4096,4.00 KB,image extension but header signature mismatch,2023-10-21 16:33:23
E:\旧mac\._tempImg 2.JPG,4096,4.00 KB,image extension but header signature mismatch,2023-10-21 16:33:23
E:\旧mac\._tempImg.JPG,4096,4.00 KB,image extension but header signature mismatch,2023-10-21 16:33:23
E:\旧mac\._IMG_0715.JPG,4096,4.00 KB,image extension but header signature mismatch,2023-10-21 16:33:23
E:\旧mac\._IMG_0712.JPG,4096,4.00 KB,image extension but header signature mismatch,2023-10-21 16:33:23
E:\旧mac\._IMG_0711.JPG,4096,4.00 KB,image extension but header signature mismatch,2023-10-21 16:33:23
E:\旧mac\._IMG_0706.JPG,4096,4.00 KB,image extension but header signature mismatch,2023-10-21 16:33:23
E:\旧mac\._IMG_0620.JPG,4096,4.00 KB,image extension but header signature mismatch,2023-10-21 16:33:23
E:\旧mac\._IMG_0586.JPG,4096,4.00 KB,image extension but header signature mismatch,2023-10-21 16:33:23
E:\旧mac\._IMG_0583.JPG,4096,4.00 KB,image extension but header signature mismatch,2023-10-21 16:33:23
E:\旧mac\._IMG_0582.JPG,4096,4.00 KB,image extension but header signature mismatch,2023-10-21 16:33:23
E:\旧mac\._IMG_8499.JPG,4096,4.00 KB,image extension but header signature mismatch,2023-10-21 16:33:23
E:\旧mac\._IMG_8498.JPG,4096,4.00 KB,image extension but header signature mismatch,2023-10-21 16:33:23
E:\旧mac\._IMG_8496.JPG,4096,4.00 KB,image extension but header signature mismatch,2023-10-21 16:33:23
E:\旧mac\._IMG_8495.JPG,4096,4.00 KB,image extension but header signature mismatch,2023-10-21 16:33:23
E:\旧mac\._IMG_8494.JPG,4096,4.00 KB,image extension but header signature mismatch,2023-10-21 16:33:23
E:\旧mac\._IMG_8493.JPG,4096,4.00 KB,image extension but header signature mismatch,2023-10-21 16:33:24
E:\旧mac\._IMG_8492.JPG,4096,4.00 KB,image extension but header signature mismatch,2023-10-21 16:33:24
E:\旧mac\._IMG_7183的副本.JPG,4096,4.00 KB,image extension but header signature mismatch,2023-10-21 16:33:24
E:\旧mac\._IMG_7189的副本.JPG,4096,4.00 KB,image extension but header signature mismatch,2023-10-21 16:33:24
E:\旧mac\._IMG_7222.JPG,4096,4.00 KB,image extension but header signature mismatch,2023-10-21 16:33:24
E:\旧mac\._IMG_7189.JPG,4096,4.00 KB,image extension but header signature mismatch,2023-10-21 16:33:24
E:\旧mac\._IMG_7183.JPG,4096,4.00 KB,image extension but header signature mismatch,2023-10-21 16:33:24
E:\旧mac\._IMG_7731.JPG,4096,4.00 KB,image extension but header signature mismatch,2023-10-21 16:33:24
E:\旧mac\._IMG_7730.jpg,4096,4.00 KB,image extension but header signature mismatch,2023-10-21 16:33:24
E:\旧mac\._Snapseed.jpg,4096,4.00 KB,image extension but header signature mismatch,2023-10-21 16:33:24
E:\旧mac\._IMG_7728.JPG,4096,4.00 KB,image extension but header signature mismatch,2023-10-21 16:33:24
E:\旧mac\._IMG_7727.JPG,4096,4.00 KB,image extension but header signature mismatch,2023-10-21 16:33:24
E:\旧mac\._IMG_7726.JPG,4096,4.00 KB,image extension but header signature mismatch,2023-10-21 16:33:24
E:\旧mac\._IMG_7725.JPG,4096,4.00 KB,image extension but header signature mismatch,2023-10-21 16:33:24
E:\旧mac\._IMG_7724.JPG,4096,4.00 KB,image extension but header signature mismatch,2023-10-21 16:33:24
E:\旧mac\._IMG_7723.JPG,4096,4.00 KB,image extension but header signature mismatch,2023-10-21 16:33:24
E:\旧mac\._IMG_7722.JPG,4096,4.00 KB,image extension but header signature mismatch,2023-10-21 16:33:24
E:\旧mac\._IMG_7721.JPG,4096,4.00 KB,image extension but header signature mismatch,2023-10-21 16:33:24
E:\旧mac\._IMG_7720.JPG,4096,4.00 KB,image extension but header signature mismatch,2023-10-21 16:33:25
E:\旧mac\._IMG_7704.jpg,4096,4.00 KB,image extension but header signature mismatch,2023-10-21 16:33:25
E:\旧mac\._IMG_7702.JPG,4096,4.00 KB,image extension but header signature mismatch,2023-10-21 16:33:25
E:\旧mac\._IMG_7701.jpg,4096,4.00 KB,image extension but header signature mismatch,2023-10-21 16:33:25
E:\旧mac\._IMG_7700.JPG,4096,4.00 KB,image extension but header signature mismatch,2023-10-21 16:33:25
E:\旧mac\._IMG_7699.JPG,4096,4.00 KB,image extension but header signature mismatch,2023-10-21 16:33:25
E:\旧mac\._IMG_7698.JPG,4096,4.00 KB,image extension but header signature mismatch,2023-10-21 16:33:25
E:\旧mac\._IMG_7696.JPG,4096,4.00 KB,image extension but header signature mismatch,2023-10-21 16:33:25
E:\旧mac\._IMG_7695.JPG,4096,4.00 KB,image extension but header signature mismatch,2023-10-21 16:33:25
E:\旧mac\._IMG_7694.JPG,4096,4.00 KB,image extension but header signature mismatch,2023-10-21 16:33:25
E:\旧mac\._IMG_7693.JPG,4096,4.00 KB,image extension but header signature mismatch,2023-10-21 16:33:25
E:\旧mac\._IMG_7692.JPG,4096,4.00 KB,image extension but header signature mismatch,2023-10-21 16:33:25
E:\旧mac\._IMG_7691.JPG,4096,4.00 KB,image extension but header signature mismatch,2023-10-21 16:33:25
E:\旧mac\._IMG_7690.JPG,4096,4.00 KB,image extension but header signature mismatch,2023-10-21 16:33:25
E:\旧mac\._IMG_7689.JPG,4096,4.00 KB,image extension but header signature mismatch,2023-10-21 16:33:25
E:\旧mac\._IMG_7688.JPG,4096,4.00 KB,image extension but header signature mismatch,2023-10-21 16:33:25
E:\旧mac\._IMG_7619.JPG,4096,4.00 KB,image extension but header signature mismatch,2023-10-21 16:33:25
E:\旧mac\._IMG_7527.JPG,4096,4.00 KB,image extension but header signature mismatch,2023-10-21 16:33:26
E:\旧mac\._IMG_7525.JPG,4096,4.00 KB,image extension but header signature mismatch,2023-10-21 16:33:26
E:\旧mac\._IMG_7524.JPG,4096,4.00 KB,image extension but header signature mismatch,2023-10-21 16:33:26
E:\旧mac\._IMG_7523.JPG,4096,4.00 KB,image extension but header signature mismatch,2023-10-21 16:33:26
E:\旧mac\._IMG_7522.JPG,4096,4.00 KB,image extension but header signature mismatch,2023-10-21 16:33:26
E:\旧mac\._IMG_7521.JPG,4096,4.00 KB,image extension but header signature mismatch,2023-10-21 16:33:26
E:\旧mac\._IMG_7520.JPG,4096,4.00 KB,image extension but header signature mismatch,2023-10-21 16:33:26
E:\旧mac\._IMG_7519.JPG,4096,4.00 KB,image extension but header signature mismatch,2023-10-21 16:33:26
E:\旧mac\._IMG_7518.JPG,4096,4.00 KB,image extension but header signature mismatch,2023-10-21 16:33:26
E:\旧mac\._IMG_7517.JPG,4096,4.00 KB,image extension but header signature mismatch,2023-10-21 16:33:26
E:\旧mac\._IMG_7516.JPG,4096,4.00 KB,image extension but header signature mismatch,2023-10-21 16:33:26
E:\旧mac\._IMG_7515.JPG,4096,4.00 KB,image extension but header signature mismatch,2023-10-21 16:33:26
E:\旧mac\._IMG_7514.JPG,4096,4.00 KB,image extension but header signature mismatch,2023-10-21 16:33:26
E:\旧mac\._IMG_7513.JPG,4096,4.00 KB,image extension but header signature mismatch,2023-10-21 16:33:26
E:\旧mac\._IMG_7512.JPG,4096,4.00 KB,image extension but header signature mismatch,2023-10-21 16:33:26
E:\旧mac\._IMG_7511.JPG,4096,4.00 KB,image extension but header signature mismatch,2023-10-21 16:33:26
E:\旧mac\._IMG_7510.JPG,4096,4.00 KB,image extension but header signature mismatch,2023-10-21 16:33:26
E:\旧mac\._IMG_7509.JPG,4096,4.00 KB,image extension but header signature mismatch,2023-10-21 16:33:27
E:\旧mac\._IMG_7508.JPG,4096,4.00 KB,image extension but header signature mismatch,2023-10-21 16:33:27
E:\旧mac\._IMG_7507.JPG,4096,4.00 KB,image extension but header signature mismatch,2023-10-21 16:33:27
E:\旧mac\._IMG_7506.JPG,4096,4.00 KB,image extension but header signature mismatch,2023-10-21 16:33:27
E:\旧mac\._IMG_7503.JPG,4096,4.00 KB,image extension but header signature mismatch,2023-10-21 16:33:27
E:\旧mac\._IMG_7502.JPG,4096,4.00 KB,image extension but header signature mismatch,2023-10-21 16:33:27
E:\旧mac\._IMG_7450.JPG,4096,4.00 KB,image extension but header signature mismatch,2023-10-21 16:33:27
E:\旧mac\._IMG_7445.JPG,4096,4.00 KB,image extension but header signature mismatch,2023-10-21 16:33:27
E:\旧mac\._IMG_7444.JPG,4096,4.00 KB,image extension but header signature mismatch,2023-10-21 16:33:27
E:\旧mac\._IMG_7443.JPG,4096,4.00 KB,image extension but header signature mismatch,2023-10-21 16:33:27
E:\旧mac\._IMG_7442.JPG,4096,4.00 KB,image extension but header signature mismatch,2023-10-21 16:33:27
E:\旧mac\._IMG_7413.JPG,4096,4.00 KB,image extension but header signature mismatch,2023-10-21 16:33:27
E:\旧mac\._IMG_7412.JPG,4096,4.00 KB,image extension but header signature mismatch,2023-10-21 16:33:27
E:\旧mac\._IMG_7411.JPG,4096,4.00 KB,image extension but header signature mismatch,2023-10-21 16:33:27
E:\旧mac\._IMG_7410.JPG,4096,4.00 KB,image extension but header signature mismatch,2023-10-21 16:33:27
E:\旧mac\._IMG_7409.JPG,4096,4.00 KB,image extension but header signature mismatch,2023-10-21 16:33:27
E:\旧mac\._IMG_7408.JPG,4096,4.00 KB,image extension but header signature mismatch,2023-10-21 16:33:27
E:\旧mac\._IMG_7407.JPG,4096,4.00 KB,image extension but header signature mismatch,2023-10-21 16:33:27
E:\旧mac\._IMG_7406.JPG,4096,4.00 KB,image extension but header signature mismatch,2023-10-21 16:33:28
E:\旧mac\._IMG_7405.JPG,4096,4.00 KB,image extension but header signature mismatch,2023-10-21 16:33:28
E:\旧mac\._IMG_7400.JPG,4096,4.00 KB,image extension but header signature mismatch,2023-10-21 16:33:28
E:\旧mac\._IMG_7399.JPG,4096,4.00 KB,image extension but header signature mismatch,2023-10-21 16:33:28
E:\旧mac\._IMG_7398.JPG,4096,4.00 KB,image extension but header signature mismatch,2023-10-21 16:33:28
E:\旧mac\._IMG_7397.JPG,4096,4.00 KB,image extension but header signature mismatch,2023-10-21 16:33:28
E:\旧mac\._IMG_7396.JPG,4096,4.00 KB,image extension but header signature mismatch,2023-10-21 16:33:28
E:\旧mac\._IMG_7395.JPG,4096,4.00 KB,image extension but header signature mismatch,2023-10-21 16:33:28
E:\旧mac\._IMG_7389.JPG,4096,4.00 KB,image extension but header signature mismatch,2023-10-21 16:33:28
E:\旧mac\._IMG_7379.JPG,4096,4.00 KB,image extension but header signature mismatch,2023-10-21 16:33:28
E:\旧mac\._IMG_7378.JPG,4096,4.00 KB,image extension but header signature mismatch,2023-10-21 16:33:28
E:\旧mac\._IMG_7377.JPG,4096,4.00 KB,image extension but header signature mismatch,2023-10-21 16:33:28
E:\旧mac\._IMG_7342.JPG,4096,4.00 KB,image extension but header signature mismatch,2023-10-21 16:33:28
E:\旧mac\._IMG_7338.JPG,4096,4.00 KB,image extension but header signature mismatch,2023-10-21 16:33:28
E:\旧mac\._IMG_7337.JPG,4096,4.00 KB,image extension but header signature mismatch,2023-10-21 16:33:28
E:\旧mac\._IMG_7336.JPG,4096,4.00 KB,image extension but header signature mismatch,2023-10-21 16:33:28
E:\旧mac\._IMG_7335.JPG,4096,4.00 KB,image extension but header signature mismatch,2023-10-21 16:33:28
E:\旧mac\._IMG_7334.JPG,4096,4.00 KB,image extension but header signature mismatch,2023-10-21 16:33:29
E:\旧mac\._IMG_7332.JPG,4096,4.00 KB,image extension but header signature mismatch,2023-10-21 16:33:29
E:\旧mac\._IMG_7331.JPG,4096,4.00 KB,image extension but header signature mismatch,2023-10-21 16:33:29
E:\旧mac\._IMG_7329.JPG,4096,4.00 KB,image extension but header signature mismatch,2023-10-21 16:33:29
E:\旧mac\._IMG_7328.JPG,4096,4.00 KB,image extension but header signature mismatch,2023-10-21 16:33:29
E:\旧mac\._IMG_7327.JPG,4096,4.00 KB,image extension but header signature mismatch,2023-10-21 16:33:29
E:\旧mac\._IMG_7251.JPG,4096,4.00 KB,image extension but header signature mismatch,2023-10-21 16:33:29
E:\旧mac\._IMG_7250.JPG,4096,4.00 KB,image extension but header signature mismatch,2023-10-21 16:33:29
E:\旧mac\._IMG_7249.JPG,4096,4.00 KB,image extension but header signature mismatch,2023-10-21 16:33:29
E:\旧mac\._IMG_7248.JPG,4096,4.00 KB,image extension but header signature mismatch,2023-10-21 16:33:29
E:\旧mac\._IMG_7247.JPG,4096,4.00 KB,image extension but header signature mismatch,2023-10-21 16:33:29
E:\旧mac\._IMG_7246.JPG,4096,4.00 KB,image extension but header signature mismatch,2023-10-21 16:33:29
E:\旧mac\._IMG_7245.JPG,4096,4.00 KB,image extension but header signature mismatch,2023-10-21 16:33:29
E:\旧mac\._IMG_7244.JPG,4096,4.00 KB,image extension but header signature mismatch,2023-10-21 16:33:29
E:\旧mac\._IMG_7243.JPG,4096,4.00 KB,image extension but header signature mismatch,2023-10-21 16:33:29
E:\旧mac\._IMG_7233.JPG,4096,4.00 KB,image extension but header signature mismatch,2023-10-21 16:33:29
E:\旧mac\._IMG_7232.JPG,4096,4.00 KB,image extension but header signature mismatch,2023-10-21 16:33:29
E:\旧mac\._IMG_7221.JPG,4096,4.00 KB,image extension but header signature mismatch,2023-10-21 16:33:29
E:\旧mac\._IMG_7220.JPG,4096,4.00 KB,image extension but header signature mismatch,2023-10-21 16:33:30
E:\旧mac\._IMG_7219.JPG,4096,4.00 KB,image extension but header signature mismatch,2023-10-21 16:33:30
E:\旧mac\._IMG_7218.JPG,4096,4.00 KB,image extension but header signature mismatch,2023-10-21 16:33:30
E:\旧mac\._IMG_7203.JPG,4096,4.00 KB,image extension but header signature mismatch,2023-10-21 16:33:30
E:\旧mac\._IMG_7200.JPG,4096,4.00 KB,image extension but header signature mismatch,2023-10-21 16:33:30
E:\旧mac\._IMG_7197.JPG,4096,4.00 KB,image extension but header signature mismatch,2023-10-21 16:33:30
E:\旧mac\._IMG_7195.JPG,4096,4.00 KB,image extension but header signature mismatch,2023-10-21 16:33:30
E:\旧mac\._IMG_7185.JPG,4096,4.00 KB,image extension but header signature mismatch,2023-10-21 16:33:30
E:\HXCI\hx_unreal_binaries\HXNextDesign\python-3.8.5-embed-amd64\Lib\site-packages\matplotlib\mpl-data\images\back-symbolic.svg,8,8 B,svg extension but missing <svg> tag,2021-05-20 12:31:54
E:\HXCI\hx_unreal_binaries\HXNextDesign\python-3.8.5-embed-amd64\Lib\site-packages\matplotlib\mpl-data\images\filesave-symbolic.svg,12,12 B,svg extension but missing <svg> tag,2021-05-20 12:31:54
E:\HXCI\hx_unreal_binaries\HXNextDesign\python-3.8.5-embed-amd64\Lib\site-packages\matplotlib\mpl-data\images\forward-symbolic.svg,11,11 B,svg extension but missing <svg> tag,2021-05-20 12:31:54
E:\HXCI\hx_unreal_binaries\HXNextDesign\python-3.8.5-embed-amd64\Lib\site-packages\matplotlib\mpl-data\images\help-symbolic.svg,8,8 B,svg extension but missing <svg> tag,2021-05-20 12:31:54
E:\HXCI\hx_unreal_binaries\HXNextDesign\python-3.8.5-embed-amd64\Lib\site-packages\matplotlib\mpl-data\images\home-symbolic.svg,8,8 B,svg extension but missing <svg> tag,2021-05-20 12:31:54
E:\HXCI\hx_unreal_binaries\HXNextDesign\python-3.8.5-embed-amd64\Lib\site-packages\matplotlib\mpl-data\images\move-symbolic.svg,8,8 B,svg extension but missing <svg> tag,2021-05-20 12:31:54
E:\HXCI\hx_unreal_binaries\HXNextDesign\python-3.8.5-embed-amd64\Lib\site-packages\matplotlib\mpl-data\images\subplots-symbolic.svg,12,12 B,svg extension but missing <svg> tag,2021-05-20 12:31:54
E:\HXCI\hx_unreal_binaries\HXNextDesign\python-3.8.5-embed-amd64\Lib\site-packages\matplotlib\mpl-data\images\zoom_to_rect-symbolic.svg,16,16 B,svg extension but missing <svg> tag,2021-05-20 12:31:54
E:\HXCI\HXNEngine\Engine\Extras\Maya_AnimationRiggingTools\ArtToolsOSX\MayaTools\General\ART\Projects\Sample\Poses\Hand Poses\Cupped_1__SelectionOnly.bmp,40200,39.26 KB,image extension but header signature mismatch,2021-04-08 15:52:00
E:\HXCI\HXNEngine\Engine\Extras\Maya_AnimationRiggingTools\ArtToolsOSX\MayaTools\General\ART\Projects\Sample\Poses\Hand Poses\Fist_1__SelectionOnly.bmp,40200,39.26 KB,image extension but header signature mismatch,2021-04-08 15:52:00
E:\HXCI\HXNEngine\Engine\Extras\Maya_AnimationRiggingTools\ArtToolsOSX\MayaTools\General\ART\Projects\Sample\Poses\Hand Poses\Flat_1__SelectionOnly.bmp,40200,39.26 KB,image extension but header signature mismatch,2021-04-08 15:52:00
E:\HXCI\HXNEngine\Engine\Extras\Maya_AnimationRiggingTools\ArtToolsOSX\MayaTools\General\ART\Projects\Sample\Poses\Hand Poses\Grip_1__SelectionOnly.bmp,40200,39.26 KB,image extension but header signature mismatch,2021-04-08 15:52:00
E:\HXCI\HXNEngine\Engine\Extras\Maya_AnimationRiggingTools\ArtToolsOSX\MayaTools\General\ART\Projects\Sample\Poses\Hand Poses\Grip_2__SelectionOnly.bmp,40200,39.26 KB,image extension but header signature mismatch,2021-04-08 15:52:00
E:\HXCI\HXNEngine\Engine\Extras\Maya_AnimationRiggingTools\ArtToolsOSX\MayaTools\General\ART\Projects\Sample\Poses\Hand Poses\Point_1__SelectionOnly.bmp,40200,39.26 KB,image extension but header signature mismatch,2021-04-08 15:52:00
E:\HXCI\HXNEngine\Engine\Extras\Maya_AnimationRiggingTools\ArtToolsOSX\MayaTools\General\ART\Projects\Sample\Poses\Hand Poses\Reach_1__SelectionOnly.bmp,40200,39.26 KB,image extension but header signature mismatch,2021-04-08 15:52:00
E:\HXCI\HXNEngine\Engine\Extras\Maya_AnimationRiggingTools\ArtToolsOSX\MayaTools\General\ART\Projects\Sample\Poses\Hand Poses\Relax_1__SelectionOnly.bmp,40200,39.26 KB,image extension but header signature mismatch,2021-04-08 15:52:00
E:\HXCI\HXNEngine\Engine\Extras\Maya_AnimationRiggingTools\ArtToolsOSX\MayaTools\General\ART\Projects\Sample\Poses\Hand Poses\Relax_2__SelectionOnly.bmp,40200,39.26 KB,image extension but header signature mismatch,2021-04-08 15:52:00
E:\HXCI\HXNEngine\Engine\Extras\Maya_AnimationRiggingTools\ArtToolsOSX\MayaTools\General\ART\Projects\Sample\Poses\Hand Poses\Relax_3__SelectionOnly.bmp,40200,39.26 KB,image extension but header signature mismatch,2021-04-08 15:52:00
E:\HXCI\HXNEngine\Engine\Extras\Maya_AnimationRiggingTools\ArtToolsOSX\MayaTools\General\ART\Projects\Sample\Poses\Hand Poses\Relax_4__SelectionOnly.bmp,40200,39.26 KB,image extension but header signature mismatch,2021-04-08 15:52:00
E:\HXCI\HXNEngine\Engine\Extras\Maya_AnimationRiggingTools\ArtToolsOSX\MayaTools\General\ART\Projects\Sample\Poses\Hand Poses\Relax_5__SelectionOnly.bmp,40200,39.26 KB,image extension but header signature mismatch,2021-04-08 15:52:00
E:\HXCI\HXNEngine\Engine\Extras\Maya_AnimationRiggingTools\ArtToolsOSX\MayaTools\General\ART\Projects\Sample\Poses\Hand Poses\Relax_6__SelectionOnly.bmp,40200,39.26 KB,image extension but header signature mismatch,2021-04-08 15:52:00
E:\HXCI\HXNEngine\Engine\Extras\Maya_AnimationRiggingTools\ArtToolsOSX\MayaTools\General\ART\Projects\Sample\Poses\Hand Poses\Spead_1__SelectionOnly.bmp,40200,39.26 KB,image extension but header signature mismatch,2021-04-08 15:52:00
E:\HXCI\HXNEngine\Engine\Extras\Maya_AnimationRiggingTools\ARTv1\MayaTools\General\Icons\ART\skeletonbuilder_face.bmp,49273,48.12 KB,image extension but header signature mismatch,2021-04-08 15:36:40
E:\HXCI\HXNEngine\Engine\Extras\Maya_AnimationRiggingTools\MayaTools\General\ART\Projects\Sample\Poses\Hand Poses\Cupped_1__SelectionOnly.bmp,40200,39.26 KB,image extension but header signature mismatch,2021-04-08 15:52:00
E:\HXCI\HXNEngine\Engine\Extras\Maya_AnimationRiggingTools\MayaTools\General\ART\Projects\Sample\Poses\Hand Poses\Fist_1__SelectionOnly.bmp,40200,39.26 KB,image extension but header signature mismatch,2021-04-08 15:52:00
E:\HXCI\HXNEngine\Engine\Extras\Maya_AnimationRiggingTools\MayaTools\General\ART\Projects\Sample\Poses\Hand Poses\Flat_1__SelectionOnly.bmp,40200,39.26 KB,image extension but header signature mismatch,2021-04-08 15:52:00
E:\HXCI\HXNEngine\Engine\Extras\Maya_AnimationRiggingTools\MayaTools\General\ART\Projects\Sample\Poses\Hand Poses\Grip_1__SelectionOnly.bmp,40200,39.26 KB,image extension but header signature mismatch,2021-04-08 15:52:00
E:\HXCI\HXNEngine\Engine\Extras\Maya_AnimationRiggingTools\MayaTools\General\ART\Projects\Sample\Poses\Hand Poses\Grip_2__SelectionOnly.bmp,40200,39.26 KB,image extension but header signature mismatch,2021-04-08 15:52:00
E:\HXCI\HXNEngine\Engine\Extras\Maya_AnimationRiggingTools\MayaTools\General\ART\Projects\Sample\Poses\Hand Poses\Point_1__SelectionOnly.bmp,40200,39.26 KB,image extension but header signature mismatch,2021-04-08 15:52:00
E:\HXCI\HXNEngine\Engine\Extras\Maya_AnimationRiggingTools\MayaTools\General\ART\Projects\Sample\Poses\Hand Poses\Reach_1__SelectionOnly.bmp,40200,39.26 KB,image extension but header signature mismatch,2021-04-08 15:52:00
E:\HXCI\HXNEngine\Engine\Extras\Maya_AnimationRiggingTools\MayaTools\General\ART\Projects\Sample\Poses\Hand Poses\Relax_1__SelectionOnly.bmp,40200,39.26 KB,image extension but header signature mismatch,2021-04-08 15:52:00
E:\HXCI\HXNEngine\Engine\Extras\Maya_AnimationRiggingTools\MayaTools\General\ART\Projects\Sample\Poses\Hand Poses\Relax_2__SelectionOnly.bmp,40200,39.26 KB,image extension but header signature mismatch,2021-04-08 15:52:00
E:\HXCI\HXNEngine\Engine\Extras\Maya_AnimationRiggingTools\MayaTools\General\ART\Projects\Sample\Poses\Hand Poses\Relax_3__SelectionOnly.bmp,40200,39.26 KB,image extension but header signature mismatch,2021-04-08 15:52:00
E:\HXCI\HXNEngine\Engine\Extras\Maya_AnimationRiggingTools\MayaTools\General\ART\Projects\Sample\Poses\Hand Poses\Relax_4__SelectionOnly.bmp,40200,39.26 KB,image extension but header signature mismatch,2021-04-08 15:52:00
E:\HXCI\HXNEngine\Engine\Extras\Maya_AnimationRiggingTools\MayaTools\General\ART\Projects\Sample\Poses\Hand Poses\Relax_5__SelectionOnly.bmp,40200,39.26 KB,image extension but header signature mismatch,2021-04-08 15:52:00
E:\HXCI\HXNEngine\Engine\Extras\Maya_AnimationRiggingTools\MayaTools\General\ART\Projects\Sample\Poses\Hand Poses\Relax_6__SelectionOnly.bmp,40200,39.26 KB,image extension but header signature mismatch,2021-04-08 15:52:00
E:\HXCI\HXNEngine\Engine\Extras\Maya_AnimationRiggingTools\MayaTools\General\ART\Projects\Sample\Poses\Hand Poses\Spead_1__SelectionOnly.bmp,40200,39.26 KB,image extension but header signature mismatch,2021-04-08 15:52:00
